{"type": "FeatureCollection", "features": [{"type": "Feature", "geometry": {"type": "Point", "coordinates": [-122.4138046, 37.7873559]}, "properties": {"id": "711-post-semi-congregate-shelter", "name": "711 Post Semi-Congregate Shelter", "type": "shelter", "subtype": "adult_emergency", "covered_by_ch124": true, "address": "711 Post Street", "district": "3", "neighborhood": "Tenderloin", "beds_or_units": 280, "unit_kind": "beds", "status": "open", "confidence": "verified", "as_of": "2026-04-13"}}, {"type": "Feature", "geometry": {"type": "Point", "coordinates": [-122.4082383, 37.778581]}, "properties": {"id": "a-woman-s-place", "name": "A Woman's Place", "type": "shelter", "subtype": "adult_emergency", "covered_by_ch124": true, "address": "1049 Howard Street", "district": "6", "neighborhood": "South of Market", "beds_or_units": 25, "unit_kind": "beds", "status": "open", "confidence": "verified", "as_of": "2026-04-13"}}, {"type": "Feature", "geometry": {"type": "Point", "coordinates": [-122.4169612, 37.7564789]}, "properties": {"id": "dolores-shelter-program", "name": "Dolores Shelter Program", "type": "shelter", "subtype": "adult_emergency", "covered_by_ch124": true, "address": "1050 South Van Ness Avenue", "district": "9", "neighborhood": "Mission", "beds_or_units": 142, "unit_kind": "beds", "status": "open", "confidence": "verified", "as_of": "2026-04-13"}}, {"type": "Feature", "geometry": {"type": "Point", "coordinates": [-122.4173582, 37.7840217]}, "properties": {"id": "ellis-semi-congregate", "name": "Ellis Semi-Congregate", "type": "shelter", "subtype": "adult_emergency", "covered_by_ch124": true, "address": "685 Ellis Street", "district": "5", "neighborhood": "Tenderloin", "beds_or_units": 134, "unit_kind": "beds", "status": "open", "confidence": "verified", "as_of": "2026-04-13"}}, {"type": "Feature", "geometry": {"type": "Point", "coordinates": [-122.4213151, 37.7719015]}, "properties": {"id": "gough-cabins", "name": "Gough Cabins", "type": "shelter", "subtype": "adult_emergency", "covered_by_ch124": true, "address": "33 Gough Street", "district": "6", "neighborhood": "Mission", "beds_or_units": 70, "unit_kind": "beds", "status": "open", "confidence": "verified", "as_of": "2026-04-13"}}, {"type": "Feature", "geometry": {"type": "Point", "coordinates": [-122.4137611, 37.7825476]}, "properties": {"id": "hospitality-house", "name": "Hospitality House", "type": "shelter", "subtype": "adult_emergency", "covered_by_ch124": true, "address": "146 Leavenworth Street", "district": "5", "neighborhood": "Tenderloin", "beds_or_units": 22, "unit_kind": "beds", "status": "open", "confidence": "verified", "as_of": "2026-04-13"}}, {"type": "Feature", "geometry": {"type": "Point", "coordinates": [-122.3998587, 37.777748]}, "properties": {"id": "msc-south", "name": "MSC-South", "type": "shelter", "subtype": "adult_emergency", "covered_by_ch124": true, "address": "525 5th Street", "district": "6", "neighborhood": "South of Market", "beds_or_units": 299, "unit_kind": "beds", "status": "open", "confidence": "verified", "as_of": "2026-04-13"}}, {"type": "Feature", "geometry": {"type": "Point", "coordinates": [-122.419866, 37.786002]}, "properties": {"id": "next-door", "name": "Next Door", "type": "shelter", "subtype": "adult_emergency", "covered_by_ch124": true, "address": "1001 Polk Street", "district": "3", "neighborhood": "Tenderloin", "beds_or_units": 334, "unit_kind": "beds", "status": "open", "confidence": "verified", "as_of": "2026-04-13"}}, {"type": "Feature", "geometry": {"type": "Point", "coordinates": [-122.4111736, 37.7762948]}, "properties": {"id": "sanctuary", "name": "Sanctuary", "type": "shelter", "subtype": "adult_emergency", "covered_by_ch124": true, "address": "201 8th Street", "district": "6", "neighborhood": "South of Market", "beds_or_units": 200, "unit_kind": "beds", "status": "open", "confidence": "verified", "as_of": "2026-04-13"}}, {"type": "Feature", "geometry": {"type": "Point", "coordinates": [-122.39996875594, 37.744715072674]}, "properties": {"id": "the-commons", "name": "The Commons", "type": "shelter", "subtype": "adult_emergency", "covered_by_ch124": true, "address": "2177 Jerrold Avenue", "district": "10", "neighborhood": "Bayview Hunters Point", "beds_or_units": 68, "unit_kind": "beds", "status": "open", "confidence": "reported", "as_of": "2026-04-13"}}, {"type": "Feature", "geometry": {"type": "Point", "coordinates": [-122.4093565, 37.7811177]}, "properties": {"id": "baldwin-safe", "name": "Baldwin SAFE", "type": "shelter", "subtype": "navigation", "covered_by_ch124": true, "address": "74 6th Street", "district": "6", "neighborhood": "South of Market", "beds_or_units": 180, "unit_kind": "beds", "status": "open", "confidence": "verified", "as_of": "2026-04-13"}}, {"type": "Feature", "geometry": {"type": "Point", "coordinates": [-122.4035827, 37.7467557]}, "properties": {"id": "bayshore", "name": "Bayshore", "type": "shelter", "subtype": "navigation", "covered_by_ch124": true, "address": "125 Bayshore Boulevard", "district": "10", "neighborhood": "Bayview Hunters Point", "beds_or_units": 128, "unit_kind": "beds", "status": "open", "confidence": "verified", "as_of": "2026-04-13"}}, {"type": "Feature", "geometry": {"type": "Point", "coordinates": [-122.3949151, 37.7465479]}, "properties": {"id": "bayview-safe", "name": "Bayview SAFE", "type": "shelter", "subtype": "navigation", "covered_by_ch124": true, "address": "1925 Evans Avenue", "district": "10", "neighborhood": "Bayview Hunters Point", "beds_or_units": 203, "unit_kind": "beds", "status": "open", "confidence": "verified", "as_of": "2026-04-13"}}, {"type": "Feature", "geometry": {"type": "Point", "coordinates": [-122.3848957, 37.7530836]}, "properties": {"id": "central-waterfront", "name": "Central Waterfront", "type": "shelter", "subtype": "navigation", "covered_by_ch124": true, "address": "600 25th Street", "district": "10", "neighborhood": "Potrero Hill", "beds_or_units": 64, "unit_kind": "beds", "status": "open", "confidence": "verified", "as_of": "2026-04-13"}}, {"type": "Feature", "geometry": {"type": "Point", "coordinates": [-122.4184668, 37.7693238]}, "properties": {"id": "division-circle", "name": "Division Circle", "type": "shelter", "subtype": "navigation", "covered_by_ch124": true, "address": "224 South Van Ness Avenue", "district": "9", "neighborhood": "Mission", "beds_or_units": 186, "unit_kind": "beds", "status": "open", "confidence": "verified", "as_of": "2026-04-13"}}, {"type": "Feature", "geometry": {"type": "Point", "coordinates": [-122.3885306, 37.7856977]}, "properties": {"id": "embarcadero-safe", "name": "Embarcadero SAFE", "type": "shelter", "subtype": "navigation", "covered_by_ch124": true, "address": "555 Beale Street", "district": "6", "neighborhood": "Financial District/South Beach", "beds_or_units": 200, "unit_kind": "beds", "status": "open", "confidence": "verified", "as_of": "2026-04-13"}}, {"type": "Feature", "geometry": {"type": "Point", "coordinates": [-122.3999805, 37.7784192]}, "properties": {"id": "taimon-booton", "name": "Taimon Booton", "type": "shelter", "subtype": "navigation", "covered_by_ch124": true, "address": "680 Bryant Street", "district": "6", "neighborhood": "South of Market", "beds_or_units": 75, "unit_kind": "beds", "status": "open", "confidence": "verified", "as_of": "2026-04-13"}}, {"type": "Feature", "geometry": {"type": "Point", "coordinates": [-122.4203721, 37.7838201]}, "properties": {"id": "lark-inn", "name": "Lark Inn", "type": "shelter", "subtype": "tay", "covered_by_ch124": true, "address": "869 Ellis Street", "district": "5", "neighborhood": "Tenderloin", "beds_or_units": 34, "unit_kind": "beds", "status": "open", "confidence": "verified", "as_of": "2026-04-13"}}, {"type": "Feature", "geometry": {"type": "Point", "coordinates": [-122.416561, 37.78738]}, "properties": {"id": "lower-polk-tay", "name": "Lower Polk TAY", "type": "shelter", "subtype": "tay", "covered_by_ch124": true, "address": "700 Hyde Street", "district": "3", "neighborhood": "Nob Hill", "beds_or_units": 75, "unit_kind": "beds", "status": "open", "confidence": "verified", "as_of": "2026-04-13"}}, {"type": "Feature", "geometry": {"type": "Point", "coordinates": [-122.404075723193, 37.760968733377]}, "properties": {"id": "downtown-high-school-family-stay-over-program", "name": "Downtown High School Family Stay Over Program", "type": "shelter", "subtype": "family", "covered_by_ch124": true, "address": "693 Vermont Street", "district": "10", "neighborhood": "Potrero Hill", "beds_or_units": 80, "unit_kind": "beds", "status": "open", "confidence": "reported", "as_of": "2026-04-13"}}, {"type": "Feature", "geometry": {"type": "Point", "coordinates": [-122.4150283, 37.7820282]}, "properties": {"id": "hamilton-families-emergency-center", "name": "Hamilton Families Emergency Center", "type": "shelter", "subtype": "family", "covered_by_ch124": true, "address": "260 Golden Gate Avenue", "district": "5", "neighborhood": "Tenderloin", "beds_or_units": 44, "unit_kind": "beds", "status": "open", "confidence": "verified", "as_of": "2026-04-13"}}, {"type": "Feature", "geometry": {"type": "Point", "coordinates": [-122.4432659, 37.7740675]}, "properties": {"id": "hamilton-families-residence", "name": "Hamilton Families Residence", "type": "shelter", "subtype": "family", "covered_by_ch124": true, "address": "1631 Hayes Street", "district": "5", "neighborhood": "Lone Mountain/USF", "beds_or_units": 27, "unit_kind": "beds", "status": "open", "confidence": "verified", "as_of": "2026-04-13"}}, {"type": "Feature", "geometry": {"type": "Point", "coordinates": [-122.4098294, 37.7724445]}, "properties": {"id": "harbor-house", "name": "Harbor House", "type": "shelter", "subtype": "family", "covered_by_ch124": true, "address": "407 9th Street", "district": "6", "neighborhood": "South of Market", "beds_or_units": 30, "unit_kind": "beds", "status": "open", "confidence": "verified", "as_of": "2026-04-13"}}, {"type": "Feature", "geometry": {"type": "Point", "coordinates": [-122.4247884, 37.7707317]}, "properties": {"id": "st--joseph-s-family-center", "name": "St. Joseph's Family Center", "type": "shelter", "subtype": "family", "covered_by_ch124": true, "address": "899 Guerrero Street", "district": "8", "neighborhood": "Mission", "beds_or_units": 10, "unit_kind": "beds", "status": "open", "confidence": "verified", "as_of": "2026-04-13"}}, {"type": "Feature", "geometry": {"type": "Point", "coordinates": [-122.4075788, 37.7621518]}, "properties": {"id": "hpp-path-emergency-housing", "name": "HPP PATH Emergency Housing", "type": "shelter", "subtype": "family", "covered_by_ch124": true, "address": "2500 18th Street", "district": "9", "neighborhood": "Mission", "beds_or_units": 16, "unit_kind": "beds", "status": "open", "confidence": "verified", "as_of": "2026-04-13"}}, {"type": "Feature", "geometry": {"type": "Point", "coordinates": [-122.4188235, 37.7826089]}, "properties": {"id": "compass-family-shelter", "name": "Compass Family Shelter", "type": "shelter", "subtype": "family", "covered_by_ch124": true, "address": "626 Polk Street", "district": "5", "neighborhood": "Tenderloin", "beds_or_units": 22, "unit_kind": "beds", "status": "open", "confidence": "verified", "as_of": "2026-04-13"}}, {"type": "Feature", "geometry": {"type": "Point", "coordinates": [-122.4222388, 37.7829732]}, "properties": {"id": "providence-family-services-center---oasis", "name": "Providence Family Services Center - Oasis", "type": "shelter", "subtype": "family", "covered_by_ch124": true, "address": "900 Franklin Street", "district": "2", "neighborhood": "Western Addition", "beds_or_units": 54, "unit_kind": "beds", "status": "open", "confidence": "verified", "as_of": "2026-04-13"}}, {"type": "Feature", "geometry": {"type": "Point", "coordinates": [-122.417862621951, 37.787986470917]}, "properties": {"id": "raphael-house", "name": "Raphael House", "type": "shelter", "subtype": "family", "covered_by_ch124": true, "address": "1065 Sutter Street", "district": "3", "neighborhood": "Nob Hill", "beds_or_units": 18, "unit_kind": "beds", "status": "open", "confidence": "reported", "as_of": "2026-04-13"}}, {"type": "Feature", "geometry": {"type": "Point", "coordinates": [-122.408973829474, 37.778384274969]}, "properties": {"id": "soma-rise", "name": "SoMa RISE", "type": "sobering", "subtype": null, "covered_by_ch124": true, "address": "1076 Howard Street", "district": "6", "neighborhood": "South of Market", "beds_or_units": null, "unit_kind": "beds", "status": "open", "confidence": "verified", "as_of": "2026-08-16"}}, {"type": "Feature", "geometry": {"type": "Point", "coordinates": [-122.416866814746, 37.786312706078]}, "properties": {"id": "crisis-stabilization-unit--822-geary", "name": "Crisis Stabilization Unit (822 Geary)", "type": "stabilization", "subtype": null, "covered_by_ch124": true, "address": "822 Geary Street", "district": "3", "neighborhood": "Tenderloin", "beds_or_units": 16, "unit_kind": "beds", "status": "open", "confidence": "verified", "as_of": "2026-08-16"}}, {"type": "Feature", "geometry": {"type": "Point", "coordinates": [-122.4096722, 37.78344861]}, "properties": {"id": "dalt-hotel", "name": "Dalt Hotel", "type": "psh", "subtype": "MOHCD 100% Affordable (New Development)", "covered_by_ch124": false, "address": "34 Turk St", "district": "5", "neighborhood": "Tenderloin", "beds_or_units": 1, "unit_kind": "units", "status": "open", "confidence": "verified", "as_of": "2026-05-21"}}, {"type": "Feature", "geometry": {"type": "Point", "coordinates": [-122.4094194, 37.74937061]}, "properties": {"id": "magdalena-mora-house", "name": "Magdalena Mora House", "type": "psh", "subtype": "MOHCD 100% Affordable (New Development)", "covered_by_ch124": false, "address": "2973 26th St", "district": "9", "neighborhood": "Mission", "beds_or_units": 1, "unit_kind": "units", "status": "open", "confidence": "verified", "as_of": "2026-05-21"}}, {"type": "Feature", "geometry": {"type": "Point", "coordinates": [-122.4146464, 37.78499132]}, "properties": {"id": "sierra-madre-apartments", "name": "Sierra Madre Apartments", "type": "psh", "subtype": "MOHCD 100% Affordable (New Development)", "covered_by_ch124": false, "address": "421 Leavenworth St", "district": "5", "neighborhood": "Tenderloin", "beds_or_units": 1, "unit_kind": "units", "status": "in_construction", "confidence": "verified", "as_of": "2026-05-21"}}, {"type": "Feature", "geometry": {"type": "Point", "coordinates": [-122.4064845, 37.7518736]}, "properties": {"id": "good-samaritan-apartments", "name": "Good Samaritan Apartments", "type": "psh", "subtype": "MOHCD 100% Affordable (New Development)", "covered_by_ch124": false, "address": "1290-1294 Potrero Ave", "district": "9", "neighborhood": "Mission", "beds_or_units": 2, "unit_kind": "units", "status": "open", "confidence": "verified", "as_of": "2026-05-21"}}, {"type": "Feature", "geometry": {"type": "Point", "coordinates": [-122.4137341, 37.78499594]}, "properties": {"id": "klimm-apartments", "name": "Klimm Apartments", "type": "psh", "subtype": "MOHCD 100% Affordable (New Development)", "covered_by_ch124": false, "address": "460 Ellis St", "district": "5", "neighborhood": "Tenderloin", "beds_or_units": 3, "unit_kind": "units", "status": "open", "confidence": "verified", "as_of": "2026-05-21"}}, {"type": "Feature", "geometry": {"type": "Point", "coordinates": [-122.4288739, 37.77755714]}, "properties": {"id": "banneker-homes", "name": "Banneker Homes", "type": "psh", "subtype": "MOHCD 100% Affordable (New Development)", "covered_by_ch124": false, "address": "745-785 Fulton St", "district": "5", "neighborhood": "Hayes Valley", "beds_or_units": 4, "unit_kind": "units", "status": "open", "confidence": "verified", "as_of": "2026-05-21"}}, {"type": "Feature", "geometry": {"type": "Point", "coordinates": [-122.4169927, 37.75701929]}, "properties": {"id": "juan-pifarre-plaza", "name": "Juan Pifarre Plaza", "type": "psh", "subtype": "MOHCD 100% Affordable (New Development)", "covered_by_ch124": false, "address": "3101 21st St", "district": "9", "neighborhood": "Mission", "beds_or_units": 4, "unit_kind": "units", "status": "open", "confidence": "verified", "as_of": "2026-05-21"}}, {"type": "Feature", "geometry": {"type": "Point", "coordinates": [-122.4444812, 37.73138931]}, "properties": {"id": "monterey-boulevard-apartments", "name": "Monterey Boulevard Apartments", "type": "psh", "subtype": "MOHCD 100% Affordable (New Development)", "covered_by_ch124": false, "address": "403 Monterey Blvd", "district": "7", "neighborhood": "West of Twin Peaks", "beds_or_units": 4, "unit_kind": "units", "status": "open", "confidence": "verified", "as_of": "2026-05-21"}}, {"type": "Feature", "geometry": {"type": "Point", "coordinates": [-122.4139162, 37.78460531]}, "properties": {"id": "cambridge-hotel", "name": "Cambridge Hotel", "type": "psh", "subtype": "MOHCD 100% Affordable (New Development)", "covered_by_ch124": false, "address": "473 Ellis St", "district": "5", "neighborhood": "Tenderloin", "beds_or_units": 5, "unit_kind": "units", "status": "open", "confidence": "verified", "as_of": "2026-05-21"}}, {"type": "Feature", "geometry": {"type": "Point", "coordinates": [-122.4348909, 37.78129267]}, "properties": {"id": "bernal-bundle-scattered-sites---positive-match", "name": "Bernal Bundle Scattered Sites - Positive Match", "type": "psh", "subtype": "MOHCD 100% Affordable (New Development)", "covered_by_ch124": false, "address": "1652 Eddy St", "district": "5", "neighborhood": "Western Addition", "beds_or_units": 7, "unit_kind": "units", "status": "open", "confidence": "verified", "as_of": "2026-05-21"}}, {"type": "Feature", "geometry": {"type": "Point", "coordinates": [-122.3942333, 37.78176295]}, "properties": {"id": "south-park-scattered-sites---parkview-hotel", "name": "South Park Scattered Sites - Parkview Hotel", "type": "psh", "subtype": "MOHCD 100% Affordable (New Development)", "covered_by_ch124": false, "address": "102 South Park St", "district": "6", "neighborhood": "Financial District/South Beach", "beds_or_units": 7, "unit_kind": "units", "status": "open", "confidence": "verified", "as_of": "2026-05-21"}}, {"type": "Feature", "geometry": {"type": "Point", "coordinates": [-122.4252904, 37.771186]}, "properties": {"id": "the-openhouse-community-at-55-laguna--richardson-hall", "name": "The Openhouse Community at 55 Laguna (Richardson Hall)", "type": "psh", "subtype": "MOHCD 100% Affordable (New Development)", "covered_by_ch124": false, "address": "55 Laguna St", "district": "8", "neighborhood": "Hayes Valley", "beds_or_units": 8, "unit_kind": "units", "status": "open", "confidence": "verified", "as_of": "2026-05-21"}}, {"type": "Feature", "geometry": {"type": "Point", "coordinates": [-122.4250569, 37.76333888]}, "properties": {"id": "bernal-bundle-scattered-sites---hazel-betsey", "name": "Bernal Bundle Scattered Sites - Hazel Betsey", "type": "psh", "subtype": "MOHCD 100% Affordable (New Development)", "covered_by_ch124": false, "address": "3554 17th St", "district": "8", "neighborhood": "Mission", "beds_or_units": 9, "unit_kind": "units", "status": "in_construction", "confidence": "verified", "as_of": "2026-05-21"}}, {"type": "Feature", "geometry": {"type": "Point", "coordinates": [-122.4089814, 37.78107089]}, "properties": {"id": "bayanihan-house", "name": "Bayanihan House", "type": "psh", "subtype": "MOHCD 100% Affordable (New Development)", "covered_by_ch124": false, "address": "88 6th St", "district": "6", "neighborhood": "South of Market", "beds_or_units": 10, "unit_kind": "units", "status": "open", "confidence": "verified", "as_of": "2026-05-21"}}, {"type": "Feature", "geometry": {"type": "Point", "coordinates": [-122.4109694, 37.78372814]}, "properties": {"id": "curran-house", "name": "Curran House", "type": "psh", "subtype": "MOHCD 100% Affordable (New Development)", "covered_by_ch124": false, "address": "145 Taylor St", "district": "5", "neighborhood": "Tenderloin", "beds_or_units": 10, "unit_kind": "units", "status": "open", "confidence": "verified", "as_of": "2026-05-21"}}, {"type": "Feature", "geometry": {"type": "Point", "coordinates": [-122.41014, 37.7845018]}, "properties": {"id": "william-penn-hotel", "name": "William Penn Hotel", "type": "psh", "subtype": "MOHCD 100% Affordable (New Development)", "covered_by_ch124": false, "address": "160 Eddy St", "district": "5", "neighborhood": "Tenderloin", "beds_or_units": 10, "unit_kind": "units", "status": "in_construction", "confidence": "verified", "as_of": "2026-05-21"}}, {"type": "Feature", "geometry": {"type": "Point", "coordinates": [-122.4140322, 37.77536957]}, "properties": {"id": "el-dorado", "name": "El Dorado", "type": "psh", "subtype": "MOHCD 100% Affordable (New Development)", "covered_by_ch124": false, "address": "150 9th St", "district": "6", "neighborhood": "South of Market", "beds_or_units": 11, "unit_kind": "units", "status": "in_construction", "confidence": "verified", "as_of": "2026-05-21"}}, {"type": "Feature", "geometry": {"type": "Point", "coordinates": [-122.4154329, 37.78315855]}, "properties": {"id": "midori-hotel", "name": "Midori Hotel", "type": "psh", "subtype": "MOHCD 100% Affordable (New Development)", "covered_by_ch124": false, "address": "240 Hyde St", "district": "5", "neighborhood": "Tenderloin", "beds_or_units": 11, "unit_kind": "units", "status": "open", "confidence": "verified", "as_of": "2026-05-21"}}, {"type": "Feature", "geometry": {"type": "Point", "coordinates": [-122.4112544, 37.76154694]}, "properties": {"id": "mosaica-senior-apartments", "name": "Mosaica Senior Apartments", "type": "psh", "subtype": "MOHCD 100% Affordable (New Development)", "covered_by_ch124": false, "address": "655 Alabama St", "district": "9", "neighborhood": "Mission", "beds_or_units": 11, "unit_kind": "units", "status": "open", "confidence": "verified", "as_of": "2026-05-21"}}, {"type": "Feature", "geometry": {"type": "Point", "coordinates": [-122.3934631, 37.7822157]}, "properties": {"id": "south-park-scattered-sites---hotel-madrid", "name": "South Park Scattered Sites - Hotel Madrid", "type": "psh", "subtype": "MOHCD 100% Affordable (New Development)", "covered_by_ch124": false, "address": "22 South Park St", "district": "6", "neighborhood": "Financial District/South Beach", "beds_or_units": 12, "unit_kind": "units", "status": "open", "confidence": "verified", "as_of": "2026-05-21"}}, {"type": "Feature", "geometry": {"type": "Point", "coordinates": [-122.4887065, 37.78135922]}, "properties": {"id": "st--peter-s-place", "name": "St. Peter's Place", "type": "psh", "subtype": "MOHCD 100% Affordable (New Development)", "covered_by_ch124": false, "address": "420 29th Ave", "district": "1", "neighborhood": "Outer Richmond", "beds_or_units": 14, "unit_kind": "units", "status": "open", "confidence": "verified", "as_of": "2026-05-21"}}, {"type": "Feature", "geometry": {"type": "Point", "coordinates": [-122.399055, 37.79921725]}, "properties": {"id": "735-davis-senior--88-broadway-senior", "name": "735 Davis Senior (88 Broadway Senior)", "type": "psh", "subtype": "MOHCD 100% Affordable (New Development)", "covered_by_ch124": false, "address": "735 Davis St", "district": "3", "neighborhood": "Financial District/South Beach", "beds_or_units": 15, "unit_kind": "units", "status": "open", "confidence": "verified", "as_of": "2026-05-21"}}, {"type": "Feature", "geometry": {"type": "Point", "coordinates": [-122.4146181, 37.7834339]}, "properties": {"id": "eddy-street-apartments--cfsf", "name": "Eddy Street Apartments (CFSF)", "type": "psh", "subtype": "MOHCD 100% Affordable (New Development)", "covered_by_ch124": false, "address": "425 Eddy St", "district": "5", "neighborhood": "Tenderloin", "beds_or_units": 15, "unit_kind": "units", "status": "open", "confidence": "verified", "as_of": "2026-05-21"}}, {"type": "Feature", "geometry": {"type": "Point", "coordinates": [-122.379092, 37.73504944]}, "properties": {"id": "hunters-view-phase-iii", "name": "Hunters View Phase III", "type": "psh", "subtype": "MOHCD 100% Affordable (New Development)", "covered_by_ch124": false, "address": "201 West Point Rd", "district": "10", "neighborhood": "Bayview Hunters Point", "beds_or_units": 15, "unit_kind": "units", "status": "open", "confidence": "verified", "as_of": "2026-05-21"}}, {"type": "Feature", "geometry": {"type": "Point", "coordinates": [-122.4254206, 37.77168725]}, "properties": {"id": "marcy-adelman-and-jeanette-gurevitch-openhouse-community", "name": "Marcy Adelman and Jeanette Gurevitch Openhouse Community", "type": "psh", "subtype": "MOHCD 100% Affordable (New Development)", "covered_by_ch124": false, "address": "95 Laguna St", "district": "8", "neighborhood": "Hayes Valley", "beds_or_units": 15, "unit_kind": "units", "status": "open", "confidence": "verified", "as_of": "2026-05-21"}}, {"type": "Feature", "geometry": {"type": "Point", "coordinates": [-122.3895705, 37.73723145]}, "properties": {"id": "bayview-commons", "name": "Bayview Commons", "type": "psh", "subtype": "MOHCD 100% Affordable (New Development)", "covered_by_ch124": false, "address": "4445 3rd St", "district": "10", "neighborhood": "Bayview Hunters Point", "beds_or_units": 17, "unit_kind": "units", "status": "open", "confidence": "verified", "as_of": "2026-05-21"}}, {"type": "Feature", "geometry": {"type": "Point", "coordinates": [-122.4114409, 37.77651737]}, "properties": {"id": "soma-studios", "name": "SOMA Studios", "type": "psh", "subtype": "MOHCD 100% Affordable (New Development)", "covered_by_ch124": false, "address": "1190 Howard St", "district": "6", "neighborhood": "South of Market", "beds_or_units": 17, "unit_kind": "units", "status": "open", "confidence": "verified", "as_of": "2026-05-21"}}, {"type": "Feature", "geometry": {"type": "Point", "coordinates": [-122.4162936, 37.78169337]}, "properties": {"id": "madonna-residences", "name": "Madonna Residences", "type": "psh", "subtype": "MOHCD 100% Affordable (New Development)", "covered_by_ch124": false, "address": "350 Golden Gate Ave", "district": "5", "neighborhood": "Tenderloin", "beds_or_units": 18, "unit_kind": "units", "status": "open", "confidence": "verified", "as_of": "2026-05-21"}}, {"type": "Feature", "geometry": {"type": "Point", "coordinates": [-122.4124229, 37.78178815]}, "properties": {"id": "vera-haile-senior-housing", "name": "Vera Haile Senior Housing", "type": "psh", "subtype": "MOHCD 100% Affordable (New Development)", "covered_by_ch124": false, "address": "129 Golden Gate Ave", "district": "5", "neighborhood": "Tenderloin", "beds_or_units": 18, "unit_kind": "units", "status": "open", "confidence": "verified", "as_of": "2026-05-21"}}, {"type": "Feature", "geometry": {"type": "Point", "coordinates": [-122.4644064, 37.78128484]}, "properties": {"id": "383-6th-avenue--previously-known-as-4200-geary", "name": "383 6th Avenue (previously known as 4200 Geary )", "type": "psh", "subtype": "MOHCD 100% Affordable (New Development)", "covered_by_ch124": false, "address": "383 6th Ave", "district": "1", "neighborhood": "Inner Richmond", "beds_or_units": 20, "unit_kind": "units", "status": "open", "confidence": "verified", "as_of": "2026-05-21"}}, {"type": "Feature", "geometry": {"type": "Point", "coordinates": [-122.4104493, 37.77920919]}, "properties": {"id": "hotel-isabel", "name": "Hotel Isabel", "type": "psh", "subtype": "MOHCD 100% Affordable (New Development)", "covered_by_ch124": false, "address": "1091-1099 Mission St", "district": "6", "neighborhood": "South of Market", "beds_or_units": 20, "unit_kind": "units", "status": "open", "confidence": "verified", "as_of": "2026-05-21"}}, {"type": "Feature", "geometry": {"type": "Point", "coordinates": [-122.4221833, 37.78067819]}, "properties": {"id": "mary-helen-rogers-senior-community", "name": "Mary Helen Rogers Senior Community", "type": "psh", "subtype": "MOHCD 100% Affordable (New Development)", "covered_by_ch124": false, "address": "701-725 Golden Gate Ave", "district": "5", "neighborhood": "Western Addition", "beds_or_units": 20, "unit_kind": "units", "status": "open", "confidence": "verified", "as_of": "2026-05-21"}}, {"type": "Feature", "geometry": {"type": "Point", "coordinates": [-122.4110661, 37.76083605]}, "properties": {"id": "mosaica-family-apartments", "name": "Mosaica Family Apartments", "type": "psh", "subtype": "MOHCD 100% Affordable (New Development)", "covered_by_ch124": false, "address": "680 Florida St", "district": "9", "neighborhood": "Mission", "beds_or_units": 20, "unit_kind": "units", "status": "open", "confidence": "verified", "as_of": "2026-05-21"}}, {"type": "Feature", "geometry": {"type": "Point", "coordinates": [-122.4234126, 37.78133271]}, "properties": {"id": "parkview-terraces", "name": "Parkview Terraces", "type": "psh", "subtype": "MOHCD 100% Affordable (New Development)", "covered_by_ch124": false, "address": "871 Turk St", "district": "2", "neighborhood": "Western Addition", "beds_or_units": 20, "unit_kind": "units", "status": "open", "confidence": "verified", "as_of": "2026-05-21"}}, {"type": "Feature", "geometry": {"type": "Point", "coordinates": [-122.4293441, 37.78063916]}, "properties": {"id": "willie-b-kennedy-senior-housing--rosa-parks-ii", "name": "Willie B Kennedy Senior Housing (Rosa Parks II)", "type": "psh", "subtype": "MOHCD 100% Affordable (New Development)", "covered_by_ch124": false, "address": "1239 Turk St", "district": "5", "neighborhood": "Western Addition", "beds_or_units": 20, "unit_kind": "units", "status": "open", "confidence": "verified", "as_of": "2026-05-21"}}, {"type": "Feature", "geometry": {"type": "Point", "coordinates": [-122.4150427, 37.74863736]}, "properties": {"id": "casa-adelante---1296-shotwell", "name": "Casa Adelante - 1296 Shotwell", "type": "psh", "subtype": "MOHCD 100% Affordable (New Development)", "covered_by_ch124": false, "address": "1296 Shotwell St", "district": "9", "neighborhood": "Mission", "beds_or_units": 22, "unit_kind": "units", "status": "open", "confidence": "verified", "as_of": "2026-05-21"}}, {"type": "Feature", "geometry": {"type": "Point", "coordinates": [-122.4114097, 37.7854097]}, "properties": {"id": "cecil-williams-glide-community-house", "name": "Cecil Williams Glide Community House", "type": "psh", "subtype": "MOHCD 100% Affordable (New Development)", "covered_by_ch124": false, "address": "333 Taylor St", "district": "5", "neighborhood": "Tenderloin", "beds_or_units": 22, "unit_kind": "units", "status": "open", "confidence": "verified", "as_of": "2026-05-21"}}, {"type": "Feature", "geometry": {"type": "Point", "coordinates": [-122.3938025, 37.72692812]}, "properties": {"id": "armstrong-place", "name": "Armstrong Place", "type": "psh", "subtype": "MOHCD 100% Affordable (New Development)", "covered_by_ch124": false, "address": "5600 3rd St", "district": "10", "neighborhood": "Bayview Hunters Point", "beds_or_units": 23, "unit_kind": "units", "status": "open", "confidence": "verified", "as_of": "2026-05-21"}}, {"type": "Feature", "geometry": {"type": "Point", "coordinates": [-122.3957372, 37.7256277]}, "properties": {"id": "dr--george-w-davis-senior-housing", "name": "Dr. George W Davis Senior Housing", "type": "psh", "subtype": "MOHCD 100% Affordable (New Development)", "covered_by_ch124": false, "address": "1751 Carroll Ave", "district": "10", "neighborhood": "Bayview Hunters Point", "beds_or_units": 23, "unit_kind": "units", "status": "open", "confidence": "verified", "as_of": "2026-05-21"}}, {"type": "Feature", "geometry": {"type": "Point", "coordinates": [-122.4409823, 37.79897536]}, "properties": {"id": "edward-ii", "name": "Edward II", "type": "psh", "subtype": "MOHCD 100% Affordable (New Development)", "covered_by_ch124": false, "address": "3151-3155 Scott St", "district": "2", "neighborhood": "Marina", "beds_or_units": 24, "unit_kind": "units", "status": "open", "confidence": "verified", "as_of": "2026-05-21"}}, {"type": "Feature", "geometry": {"type": "Point", "coordinates": [-122.3942942, 37.78171497]}, "properties": {"id": "south-park-scattered-sites---gran-oriente-filipino", "name": "South Park Scattered Sites - Gran Oriente Filipino", "type": "psh", "subtype": "MOHCD 100% Affordable (New Development)", "covered_by_ch124": false, "address": "106 South Park St", "district": "6", "neighborhood": "Financial District/South Beach", "beds_or_units": 24, "unit_kind": "units", "status": "open", "confidence": "verified", "as_of": "2026-05-21"}}, {"type": "Feature", "geometry": {"type": "Point", "coordinates": [-122.4535801, 37.72350704]}, "properties": {"id": "1100-ocean", "name": "1100 Ocean", "type": "psh", "subtype": "MOHCD 100% Affordable (New Development)", "covered_by_ch124": false, "address": "1100 Ocean Ave", "district": "7", "neighborhood": "West of Twin Peaks", "beds_or_units": 25, "unit_kind": "units", "status": "open", "confidence": "verified", "as_of": "2026-05-21"}}, {"type": "Feature", "geometry": {"type": "Point", "coordinates": [-122.4459694, 37.78433584]}, "properties": {"id": "john-burton-advocates-for-youth-housing-complex", "name": "John Burton Advocates for Youth Housing Complex", "type": "psh", "subtype": "MOHCD 100% Affordable (New Development)", "covered_by_ch124": false, "address": "800 Presidio Ave", "district": "5", "neighborhood": "Presidio Heights", "beds_or_units": 25, "unit_kind": "units", "status": "open", "confidence": "verified", "as_of": "2026-05-21"}}, {"type": "Feature", "geometry": {"type": "Point", "coordinates": [-122.458006, 37.78107116]}, "properties": {"id": "the-coronet", "name": "The Coronet", "type": "psh", "subtype": "MOHCD 100% Affordable (New Development)", "covered_by_ch124": false, "address": "3595 Geary Blvd", "district": "2", "neighborhood": "Lone Mountain/USF", "beds_or_units": 25, "unit_kind": "units", "status": "open", "confidence": "verified", "as_of": "2026-05-21"}}, {"type": "Feature", "geometry": {"type": "Point", "coordinates": [-122.4153141, 37.77653205]}, "properties": {"id": "edith-witt-senior-community", "name": "Edith Witt Senior Community", "type": "psh", "subtype": "MOHCD 100% Affordable (New Development)", "covered_by_ch124": false, "address": "66 9th St", "district": "6", "neighborhood": "South of Market", "beds_or_units": 27, "unit_kind": "units", "status": "open", "confidence": "verified", "as_of": "2026-05-21"}}, {"type": "Feature", "geometry": {"type": "Point", "coordinates": [-122.3916815, 37.77110713]}, "properties": {"id": "626-mission-bay-family-housing", "name": "626 Mission Bay Family Housing", "type": "psh", "subtype": "MOHCD 100% Affordable (New Development)", "covered_by_ch124": false, "address": "626 Mission Bay Blvd North", "district": "6", "neighborhood": "Mission Bay", "beds_or_units": 29, "unit_kind": "units", "status": "open", "confidence": "verified", "as_of": "2026-05-21"}}, {"type": "Feature", "geometry": {"type": "Point", "coordinates": [-122.4153089, 37.7643641]}, "properties": {"id": "casa-adelante---2060-folsom", "name": "Casa Adelante - 2060 Folsom", "type": "psh", "subtype": "MOHCD 100% Affordable (New Development)", "covered_by_ch124": false, "address": "2060 Folsom St", "district": "9", "neighborhood": "Mission", "beds_or_units": 29, "unit_kind": "units", "status": "open", "confidence": "verified", "as_of": "2026-05-21"}}, {"type": "Feature", "geometry": {"type": "Point", "coordinates": [-122.4107616, 37.78440952]}, "properties": {"id": "eddy---taylor-family---222-taylor", "name": "Eddy & Taylor Family - 222 Taylor", "type": "psh", "subtype": "MOHCD 100% Affordable (New Development)", "covered_by_ch124": false, "address": "222 Taylor St", "district": "5", "neighborhood": "Tenderloin", "beds_or_units": 30, "unit_kind": "units", "status": "open", "confidence": "verified", "as_of": "2026-05-21"}}, {"type": "Feature", "geometry": {"type": "Point", "coordinates": [-122.406362, 37.77935538]}, "properties": {"id": "knox-sro", "name": "Knox SRO", "type": "psh", "subtype": "MOHCD 100% Affordable (New Development)", "covered_by_ch124": false, "address": "241 6th St", "district": "6", "neighborhood": "South of Market", "beds_or_units": 30, "unit_kind": "units", "status": "open", "confidence": "verified", "as_of": "2026-05-21"}}, {"type": "Feature", "geometry": {"type": "Point", "coordinates": [-122.453009, 37.76874685]}, "properties": {"id": "730-stanyan", "name": "730 Stanyan", "type": "psh", "subtype": "MOHCD 100% Affordable (New Development)", "covered_by_ch124": false, "address": "730 Stanyan St", "district": "5", "neighborhood": "Haight Ashbury", "beds_or_units": 32, "unit_kind": "units", "status": "open", "confidence": "verified", "as_of": "2026-05-21"}}, {"type": "Feature", "geometry": {"type": "Point", "coordinates": [-122.4234437, 37.77325451]}, "properties": {"id": "78-haight-st--parcel-u", "name": "78 Haight St (Parcel U)", "type": "psh", "subtype": "MOHCD 100% Affordable (New Development)", "covered_by_ch124": false, "address": "78 Haight St", "district": "6", "neighborhood": "Hayes Valley", "beds_or_units": 32, "unit_kind": "units", "status": "open", "confidence": "verified", "as_of": "2026-05-21"}}, {"type": "Feature", "geometry": {"type": "Point", "coordinates": [-122.4253301, 37.77550552]}, "properties": {"id": "455-fell", "name": "455 Fell", "type": "psh", "subtype": "MOHCD 100% Affordable (New Development)", "covered_by_ch124": false, "address": "455 Fell St", "district": "5", "neighborhood": "Hayes Valley", "beds_or_units": 33, "unit_kind": "units", "status": "open", "confidence": "verified", "as_of": "2026-05-21"}}, {"type": "Feature", "geometry": {"type": "Point", "coordinates": [-122.4121385, 37.78282592]}, "properties": {"id": "180-jones--land-dedication-site", "name": "180 Jones (Land Dedication Site)", "type": "psh", "subtype": "MOHCD 100% Affordable (New Development)", "covered_by_ch124": false, "address": "180 Jones St", "district": "5", "neighborhood": "Tenderloin", "beds_or_units": 35, "unit_kind": "units", "status": "open", "confidence": "verified", "as_of": "2026-05-21"}}, {"type": "Feature", "geometry": {"type": "Point", "coordinates": [-122.401556, 37.79829923]}, "properties": {"id": "broadway-sansome-family-housing", "name": "Broadway Sansome Family Housing", "type": "psh", "subtype": "MOHCD 100% Affordable (New Development)", "covered_by_ch124": false, "address": "235 -295 Broadway St", "district": "3", "neighborhood": "Financial District/South Beach", "beds_or_units": 37, "unit_kind": "units", "status": "open", "confidence": "verified", "as_of": "2026-05-21"}}, {"type": "Feature", "geometry": {"type": "Point", "coordinates": [-122.4107719, 37.76090404]}, "properties": {"id": "casa-adelante---681-florida", "name": "Casa Adelante - 681 Florida", "type": "psh", "subtype": "MOHCD 100% Affordable (New Development)", "covered_by_ch124": false, "address": "681 Florida St", "district": "9", "neighborhood": "Mission", "beds_or_units": 39, "unit_kind": "units", "status": "open", "confidence": "verified", "as_of": "2026-05-21"}}, {"type": "Feature", "geometry": {"type": "Point", "coordinates": [-122.4096458, 37.78044083]}, "properties": {"id": "1036-mission", "name": "1036 Mission", "type": "psh", "subtype": "MOHCD 100% Affordable (New Development)", "covered_by_ch124": false, "address": "1036 Mission St", "district": "6", "neighborhood": "South of Market", "beds_or_units": 40, "unit_kind": "units", "status": "open", "confidence": "verified", "as_of": "2026-05-21"}}, {"type": "Feature", "geometry": {"type": "Point", "coordinates": [-122.4201887, 37.76584624]}, "properties": {"id": "1950-mission", "name": "1950 Mission", "type": "psh", "subtype": "MOHCD 100% Affordable (New Development)", "covered_by_ch124": false, "address": "1950 Mission St", "district": "9", "neighborhood": "Mission", "beds_or_units": 40, "unit_kind": "units", "status": "open", "confidence": "verified", "as_of": "2026-05-21"}}, {"type": "Feature", "geometry": {"type": "Point", "coordinates": [-122.4144427, 37.78441431]}, "properties": {"id": "aarti-hotel", "name": "Aarti Hotel", "type": "psh", "subtype": "MOHCD 100% Affordable (New Development)", "covered_by_ch124": false, "address": "391 Leavenworth St", "district": "5", "neighborhood": "Tenderloin", "beds_or_units": 40, "unit_kind": "units", "status": "open", "confidence": "verified", "as_of": "2026-05-21"}}, {"type": "Feature", "geometry": {"type": "Point", "coordinates": [-122.4128588, 37.78322974]}, "properties": {"id": "railton-place", "name": "Railton Place", "type": "psh", "subtype": "MOHCD 100% Affordable (New Development)", "covered_by_ch124": false, "address": "230-242 Turk St", "district": "5", "neighborhood": "Tenderloin", "beds_or_units": 40, "unit_kind": "units", "status": "open", "confidence": "verified", "as_of": "2026-05-21"}}, {"type": "Feature", "geometry": {"type": "Point", "coordinates": [-122.4098135, 37.78416529]}, "properties": {"id": "west-hotel", "name": "West Hotel", "type": "psh", "subtype": "MOHCD 100% Affordable (New Development)", "covered_by_ch124": false, "address": "141 Eddy St", "district": "5", "neighborhood": "Tenderloin", "beds_or_units": 40, "unit_kind": "units", "status": "open", "confidence": "verified", "as_of": "2026-05-21"}}, {"type": "Feature", "geometry": {"type": "Point", "coordinates": [-122.3745388, 37.82674668]}, "properties": {"id": "tihdi--island-bay-homes", "name": "TIHDI: Island Bay Homes", "type": "psh", "subtype": "MOHCD 100% Affordable (New Development)", "covered_by_ch124": false, "address": "1411 Flounder Ct", "district": "6", "neighborhood": "Treasure Island", "beds_or_units": 41, "unit_kind": "units", "status": "open", "confidence": "verified", "as_of": "2026-05-21"}}, {"type": "Feature", "geometry": {"type": "Point", "coordinates": [-122.4121395, 37.77355635]}, "properties": {"id": "folsom---dore-apartments", "name": "Folsom + Dore Apartments", "type": "psh", "subtype": "MOHCD 100% Affordable (New Development)", "covered_by_ch124": false, "address": "1346 Folsom St", "district": "6", "neighborhood": "South of Market", "beds_or_units": 42, "unit_kind": "units", "status": "open", "confidence": "verified", "as_of": "2026-05-21"}}, {"type": "Feature", "geometry": {"type": "Point", "coordinates": [-122.4158404, 37.77562492]}, "properties": {"id": "10th---mission-family-housing", "name": "10th & Mission Family Housing", "type": "psh", "subtype": "MOHCD 100% Affordable (New Development)", "covered_by_ch124": false, "address": "1390 Mission St", "district": "6", "neighborhood": "South of Market", "beds_or_units": 44, "unit_kind": "units", "status": "open", "confidence": "verified", "as_of": "2026-05-21"}}, {"type": "Feature", "geometry": {"type": "Point", "coordinates": [-122.4120028, 37.75250048]}, "properties": {"id": "casa-de-la-mision", "name": "Casa de la Mision", "type": "psh", "subtype": "MOHCD 100% Affordable (New Development)", "covered_by_ch124": false, "address": "3001 24th St", "district": "9", "neighborhood": "Mission", "beds_or_units": 44, "unit_kind": "units", "status": "open", "confidence": "verified", "as_of": "2026-05-21"}}, {"type": "Feature", "geometry": {"type": "Point", "coordinates": [-122.3708045, 37.81721975]}, "properties": {"id": "tihdi--chp-villages", "name": "TIHDI: CHP Villages", "type": "psh", "subtype": "MOHCD 100% Affordable (New Development)", "covered_by_ch124": false, "address": "410 Avenue of the Palms", "district": "6", "neighborhood": "Treasure Island", "beds_or_units": 44, "unit_kind": "units", "status": "open", "confidence": "verified", "as_of": "2026-05-21"}}, {"type": "Feature", "geometry": {"type": "Point", "coordinates": [-122.4399274, 37.77831306]}, "properties": {"id": "zygmunt-arendt-house", "name": "Zygmunt Arendt House", "type": "psh", "subtype": "MOHCD 100% Affordable (New Development)", "covered_by_ch124": false, "address": "850 Broderick St", "district": "5", "neighborhood": "Western Addition", "beds_or_units": 46, "unit_kind": "units", "status": "open", "confidence": "verified", "as_of": "2026-05-21"}}, {"type": "Feature", "geometry": {"type": "Point", "coordinates": [-122.4117567, 37.77708168]}, "properties": {"id": "canon-barcus-community-house", "name": "Canon Barcus Community House", "type": "psh", "subtype": "MOHCD 100% Affordable (New Development)", "covered_by_ch124": false, "address": "670 Natoma St", "district": "6", "neighborhood": "South of Market", "beds_or_units": 47, "unit_kind": "units", "status": "open", "confidence": "verified", "as_of": "2026-05-21"}}, {"type": "Feature", "geometry": {"type": "Point", "coordinates": [-122.3920231, 37.77354081]}, "properties": {"id": "1180-4th", "name": "1180 4th", "type": "psh", "subtype": "MOHCD 100% Affordable (New Development)", "covered_by_ch124": false, "address": "1180 4th St", "district": "6", "neighborhood": "Mission Bay", "beds_or_units": 50, "unit_kind": "units", "status": "open", "confidence": "verified", "as_of": "2026-05-21"}}, {"type": "Feature", "geometry": {"type": "Point", "coordinates": [-122.4193127, 37.78567985]}, "properties": {"id": "990-polk", "name": "990 Polk", "type": "psh", "subtype": "MOHCD 100% Affordable (New Development)", "covered_by_ch124": false, "address": "990 Polk St", "district": "5", "neighborhood": "Tenderloin", "beds_or_units": 50, "unit_kind": "units", "status": "open", "confidence": "verified", "as_of": "2026-05-21"}}, {"type": "Feature", "geometry": {"type": "Point", "coordinates": [-122.3937917, 37.77521011]}, "properties": {"id": "mission-creek-senior-community", "name": "Mission Creek Senior Community", "type": "psh", "subtype": "MOHCD 100% Affordable (New Development)", "covered_by_ch124": false, "address": "225 Berry St", "district": "6", "neighborhood": "Mission Bay", "beds_or_units": 51, "unit_kind": "units", "status": "open", "confidence": "verified", "as_of": "2026-05-21"}}, {"type": "Feature", "geometry": {"type": "Point", "coordinates": [-122.4206167, 37.76933976]}, "properties": {"id": "casa-quezada", "name": "Casa Quezada", "type": "psh", "subtype": "MOHCD 100% Affordable (New Development)", "covered_by_ch124": false, "address": "35 Woodward St", "district": "9", "neighborhood": "Mission", "beds_or_units": 52, "unit_kind": "units", "status": "open", "confidence": "verified", "as_of": "2026-05-21"}}, {"type": "Feature", "geometry": {"type": "Point", "coordinates": [-122.414367, 37.78958726]}, "properties": {"id": "mary-elizabeth-inn", "name": "Mary Elizabeth Inn", "type": "psh", "subtype": "MOHCD 100% Affordable (New Development)", "covered_by_ch124": false, "address": "1040 Bush St", "district": "3", "neighborhood": "Nob Hill", "beds_or_units": 53, "unit_kind": "units", "status": "open", "confidence": "verified", "as_of": "2026-05-21"}}, {"type": "Feature", "geometry": {"type": "Point", "coordinates": [-122.4095822, 37.78503884]}, "properties": {"id": "149-mason-street-apartments", "name": "149 Mason Street Apartments", "type": "psh", "subtype": "MOHCD 100% Affordable (New Development)", "covered_by_ch124": false, "address": "149 Mason St", "district": "5", "neighborhood": "Tenderloin", "beds_or_units": 56, "unit_kind": "units", "status": "open", "confidence": "verified", "as_of": "2026-05-21"}}, {"type": "Feature", "geometry": {"type": "Point", "coordinates": [-122.4119811, 37.78264507]}, "properties": {"id": "lyric-hotel", "name": "Lyric Hotel", "type": "psh", "subtype": "MOHCD 100% Affordable (New Development)", "covered_by_ch124": false, "address": "140 Jones St", "district": "5", "neighborhood": "Tenderloin", "beds_or_units": 58, "unit_kind": "units", "status": "open", "confidence": "verified", "as_of": "2026-05-21"}}, {"type": "Feature", "geometry": {"type": "Point", "coordinates": [-122.4109523, 37.78188683]}, "properties": {"id": "san-cristina", "name": "San Cristina", "type": "psh", "subtype": "MOHCD 100% Affordable (New Development)", "covered_by_ch124": false, "address": "1000 Market St", "district": "5", "neighborhood": "Tenderloin", "beds_or_units": 58, "unit_kind": "units", "status": "open", "confidence": "verified", "as_of": "2026-05-21"}}, {"type": "Feature", "geometry": {"type": "Point", "coordinates": [-122.3899228, 37.77305438]}, "properties": {"id": "edwin-m--lee-apartments", "name": "Edwin M. Lee Apartments", "type": "psh", "subtype": "MOHCD 100% Affordable (New Development)", "covered_by_ch124": false, "address": "1150 3rd St", "district": "6", "neighborhood": "Mission Bay", "beds_or_units": 62, "unit_kind": "units", "status": "open", "confidence": "verified", "as_of": "2026-05-21"}}, {"type": "Feature", "geometry": {"type": "Point", "coordinates": [-122.4121228, 37.78761864]}, "properties": {"id": "629-post", "name": "629 Post", "type": "psh", "subtype": "MOHCD 100% Affordable (Preservation)", "covered_by_ch124": false, "address": "629 Post St", "district": "3", "neighborhood": "Tenderloin", "beds_or_units": 63, "unit_kind": "units", "status": "in_construction", "confidence": "verified", "as_of": "2026-05-21"}}, {"type": "Feature", "geometry": {"type": "Point", "coordinates": [-122.3757383, 37.82630318]}, "properties": {"id": "tihdi--tish-phases-1---2", "name": "TIHDI: TISH Phases 1 & 2", "type": "psh", "subtype": "MOHCD 100% Affordable (New Development)", "covered_by_ch124": false, "address": "1403 Sturgeon St", "district": "6", "neighborhood": "Treasure Island", "beds_or_units": 66, "unit_kind": "units", "status": "open", "confidence": "verified", "as_of": "2026-05-21"}}, {"type": "Feature", "geometry": {"type": "Point", "coordinates": [-122.4137774, 37.78355992]}, "properties": {"id": "hamlin-hotel", "name": "Hamlin Hotel", "type": "psh", "subtype": "MOHCD 100% Affordable (New Development)", "covered_by_ch124": false, "address": "385 Eddy St", "district": "5", "neighborhood": "Tenderloin", "beds_or_units": 67, "unit_kind": "units", "status": "open", "confidence": "verified", "as_of": "2026-05-21"}}, {"type": "Feature", "geometry": {"type": "Point", "coordinates": [-122.411189, 37.7840014]}, "properties": {"id": "franciscan-towers", "name": "Franciscan Towers", "type": "psh", "subtype": "MOHCD 100% Affordable (New Development)", "covered_by_ch124": false, "address": "217 Eddy St", "district": "5", "neighborhood": "Tenderloin", "beds_or_units": 69, "unit_kind": "units", "status": "open", "confidence": "verified", "as_of": "2026-05-21"}}, {"type": "Feature", "geometry": {"type": "Point", "coordinates": [-122.3731559, 37.82207224]}, "properties": {"id": "star-view-court--treasure-island-c3-1", "name": "Star View Court (Treasure Island C3.1)", "type": "psh", "subtype": "MOHCD 100% Affordable (New Development)", "covered_by_ch124": false, "address": "78 Johnson St", "district": "6", "neighborhood": "Treasure Island", "beds_or_units": 71, "unit_kind": "units", "status": "open", "confidence": "verified", "as_of": "2026-05-21"}}, {"type": "Feature", "geometry": {"type": "Point", "coordinates": [-122.3980352, 37.71878809]}, "properties": {"id": "bayview-hill-gardens", "name": "Bayview Hill Gardens", "type": "psh", "subtype": "MOHCD 100% Affordable (New Development)", "covered_by_ch124": false, "address": "1075 Le Conte Ave", "district": "10", "neighborhood": "Bayview Hunters Point", "beds_or_units": 72, "unit_kind": "units", "status": "open", "confidence": "verified", "as_of": "2026-05-21"}}, {"type": "Feature", "geometry": {"type": "Point", "coordinates": [-122.4184403, 37.78498545]}, "properties": {"id": "iroquois-hotel", "name": "Iroquois Hotel", "type": "psh", "subtype": "MOHCD 100% Affordable (New Development)", "covered_by_ch124": false, "address": "835 O'Farrell St", "district": "5", "neighborhood": "Tenderloin", "beds_or_units": 74, "unit_kind": "units", "status": "open", "confidence": "verified", "as_of": "2026-05-21"}}, {"type": "Feature", "geometry": {"type": "Point", "coordinates": [-122.4076824, 37.77983099]}, "properties": {"id": "the-dudley-apartments", "name": "The Dudley Apartments", "type": "psh", "subtype": "MOHCD 100% Affordable (New Development)", "covered_by_ch124": false, "address": "172-180 6th St", "district": "6", "neighborhood": "South of Market", "beds_or_units": 74, "unit_kind": "units", "status": "in_construction", "confidence": "verified", "as_of": "2026-05-21"}}, {"type": "Feature", "geometry": {"type": "Point", "coordinates": [-122.4079412, 37.78085689]}, "properties": {"id": "the-rose", "name": "The Rose", "type": "psh", "subtype": "MOHCD 100% Affordable (New Development)", "covered_by_ch124": false, "address": "125 6th St", "district": "6", "neighborhood": "South of Market", "beds_or_units": 75, "unit_kind": "units", "status": "in_construction", "confidence": "verified", "as_of": "2026-05-21"}}, {"type": "Feature", "geometry": {"type": "Point", "coordinates": [-122.4202776, 37.77085297]}, "properties": {"id": "veterans-commons", "name": "Veterans Commons", "type": "psh", "subtype": "MOHCD 100% Affordable (New Development)", "covered_by_ch124": false, "address": "150 Otis St", "district": "6", "neighborhood": "Mission", "beds_or_units": 75, "unit_kind": "units", "status": "open", "confidence": "verified", "as_of": "2026-05-21"}}, {"type": "Feature", "geometry": {"type": "Point", "coordinates": [-122.4138695, 37.78405389]}, "properties": {"id": "cadillac-hotel", "name": "Cadillac Hotel", "type": "psh", "subtype": "MOHCD 100% Affordable (New Development)", "covered_by_ch124": false, "address": "380 Eddy St", "district": "5", "neighborhood": "Tenderloin", "beds_or_units": 80, "unit_kind": "units", "status": "open", "confidence": "verified", "as_of": "2026-05-21"}}, {"type": "Feature", "geometry": {"type": "Point", "coordinates": [-122.4183997, 37.78330347]}, "properties": {"id": "arnett-watson-apartments", "name": "Arnett Watson Apartments", "type": "psh", "subtype": "MOHCD 100% Affordable (New Development)", "covered_by_ch124": false, "address": "650 Eddy St", "district": "5", "neighborhood": "Tenderloin", "beds_or_units": 83, "unit_kind": "units", "status": "open", "confidence": "verified", "as_of": "2026-05-21"}}, {"type": "Feature", "geometry": {"type": "Point", "coordinates": [-122.4173203, 37.78438526]}, "properties": {"id": "hotel-essex", "name": "Hotel Essex", "type": "psh", "subtype": "MOHCD 100% Affordable (New Development)", "covered_by_ch124": false, "address": "684 Ellis St", "district": "5", "neighborhood": "Tenderloin", "beds_or_units": 84, "unit_kind": "units", "status": "open", "confidence": "verified", "as_of": "2026-05-21"}}, {"type": "Feature", "geometry": {"type": "Point", "coordinates": [-122.4147942, 37.78448846]}, "properties": {"id": "senator-residence", "name": "Senator Residence", "type": "psh", "subtype": "MOHCD 100% Affordable (New Development)", "covered_by_ch124": false, "address": "519 Ellis St", "district": "5", "neighborhood": "Tenderloin", "beds_or_units": 86, "unit_kind": "units", "status": "open", "confidence": "verified", "as_of": "2026-05-21"}}, {"type": "Feature", "geometry": {"type": "Point", "coordinates": [-122.370829, 37.81721975]}, "properties": {"id": "maceo-may-apartments--treasure-island-c3-2", "name": "Maceo May Apartments (Treasure Island C3.2)", "type": "psh", "subtype": "MOHCD 100% Affordable (New Development)", "covered_by_ch124": false, "address": "401 Avenue of the Palms", "district": "6", "neighborhood": "Treasure Island", "beds_or_units": 89, "unit_kind": "units", "status": "open", "confidence": "verified", "as_of": "2026-05-21"}}, {"type": "Feature", "geometry": {"type": "Point", "coordinates": [-122.4199327, 37.77298947]}, "properties": {"id": "jazzie-collins-apartments--at-53-colton-street---part-of-1629-market-master-plan-area", "name": "Jazzie Collins Apartments (at 53 Colton Street - part of 1629 Market Master Plan Area)", "type": "psh", "subtype": "MOHCD 100% Affordable (New Development)", "covered_by_ch124": false, "address": "53 Colton St", "district": "6", "neighborhood": "Mission", "beds_or_units": 96, "unit_kind": "units", "status": "open", "confidence": "verified", "as_of": "2026-05-21"}}, {"type": "Feature", "geometry": {"type": "Point", "coordinates": [-122.4122348, 37.77632468]}, "properties": {"id": "canon-kip-community-house", "name": "Canon Kip Community House", "type": "psh", "subtype": "MOHCD 100% Affordable (New Development)", "covered_by_ch124": false, "address": "705 Natoma St", "district": "6", "neighborhood": "South of Market", "beds_or_units": 103, "unit_kind": "units", "status": "open", "confidence": "verified", "as_of": "2026-05-21"}}, {"type": "Feature", "geometry": {"type": "Point", "coordinates": [-122.4140663, 37.78498084]}, "properties": {"id": "arlington-hotel", "name": "Arlington Hotel", "type": "psh", "subtype": "MOHCD 100% Affordable (New Development)", "covered_by_ch124": false, "address": "472 Ellis St", "district": "5", "neighborhood": "Tenderloin", "beds_or_units": 105, "unit_kind": "units", "status": "open", "confidence": "verified", "as_of": "2026-05-21"}}, {"type": "Feature", "geometry": {"type": "Point", "coordinates": [-122.4127101, 37.78132891]}, "properties": {"id": "civic-center-residence", "name": "Civic Center Residence", "type": "psh", "subtype": "MOHCD 100% Affordable (New Development)", "covered_by_ch124": false, "address": "44 McAllister St", "district": "5", "neighborhood": "Tenderloin", "beds_or_units": 105, "unit_kind": "units", "status": "open", "confidence": "verified", "as_of": "2026-05-21"}}, {"type": "Feature", "geometry": {"type": "Point", "coordinates": [-122.422906, 37.78155809]}, "properties": {"id": "835-turk", "name": "835 Turk", "type": "psh", "subtype": "MOHCD 100% Affordable (Preservation)", "covered_by_ch124": false, "address": "835 Turk St", "district": "2", "neighborhood": "Western Addition", "beds_or_units": 106, "unit_kind": "units", "status": "in_construction", "confidence": "verified", "as_of": "2026-05-21"}}, {"type": "Feature", "geometry": {"type": "Point", "coordinates": [-122.4070352, 37.78007593]}, "properties": {"id": "plaza-apartments", "name": "Plaza Apartments", "type": "psh", "subtype": "MOHCD 100% Affordable (New Development)", "covered_by_ch124": false, "address": "988-992 Howard St", "district": "6", "neighborhood": "South of Market", "beds_or_units": 106, "unit_kind": "units", "status": "open", "confidence": "verified", "as_of": "2026-05-21"}}, {"type": "Feature", "geometry": {"type": "Point", "coordinates": [-122.4031536, 37.7728343]}, "properties": {"id": "600-7th-st--land-dedication-site", "name": "600 7th St (Land Dedication Site)", "type": "psh", "subtype": "MOHCD 100% Affordable (New Development)", "covered_by_ch124": false, "address": "600 7th St", "district": "6", "neighborhood": "South of Market", "beds_or_units": 120, "unit_kind": "units", "status": "open", "confidence": "verified", "as_of": "2026-05-21"}}, {"type": "Feature", "geometry": {"type": "Point", "coordinates": [-122.3951598, 37.78630273]}, "properties": {"id": "rene-cazenave-apts--transbay-block-11a", "name": "Rene Cazenave Apts (Transbay Block 11A)", "type": "psh", "subtype": "MOHCD 100% Affordable (New Development)", "covered_by_ch124": false, "address": "25 Essex St", "district": "6", "neighborhood": "Financial District/South Beach", "beds_or_units": 120, "unit_kind": "units", "status": "open", "confidence": "verified", "as_of": "2026-05-21"}}, {"type": "Feature", "geometry": {"type": "Point", "coordinates": [-122.4228523, 37.77869209]}, "properties": {"id": "richardson-apartments--parcel-g", "name": "Richardson Apartments (Parcel G)", "type": "psh", "subtype": "MOHCD 100% Affordable (New Development)", "covered_by_ch124": false, "address": "365 Fulton St", "district": "5", "neighborhood": "Hayes Valley", "beds_or_units": 120, "unit_kind": "units", "status": "open", "confidence": "verified", "as_of": "2026-05-21"}}, {"type": "Feature", "geometry": {"type": "Point", "coordinates": [-122.4105527, 37.7873397]}, "properties": {"id": "diva-hotel", "name": "Diva Hotel", "type": "psh", "subtype": "MOHCD 100% Affordable (Preservation)", "covered_by_ch124": false, "address": "440 Geary St", "district": "3", "neighborhood": "Tenderloin", "beds_or_units": 127, "unit_kind": "units", "status": "open", "confidence": "verified", "as_of": "2026-05-21"}}, {"type": "Feature", "geometry": {"type": "Point", "coordinates": [-122.4093237, 37.7841266]}, "properties": {"id": "ambassador-hotel", "name": "Ambassador Hotel", "type": "psh", "subtype": "MOHCD 100% Affordable (New Development)", "covered_by_ch124": false, "address": "55 Mason St", "district": "5", "neighborhood": "Tenderloin", "beds_or_units": 133, "unit_kind": "units", "status": "open", "confidence": "verified", "as_of": "2026-05-21"}}, {"type": "Feature", "geometry": {"type": "Point", "coordinates": [-122.4127143, 37.77339713]}, "properties": {"id": "bishop-swing-community-house", "name": "Bishop Swing Community House", "type": "psh", "subtype": "MOHCD 100% Affordable (New Development)", "covered_by_ch124": false, "address": "275 10th St", "district": "6", "neighborhood": "South of Market", "beds_or_units": 134, "unit_kind": "units", "status": "open", "confidence": "verified", "as_of": "2026-05-21"}}, {"type": "Feature", "geometry": {"type": "Point", "coordinates": [-122.3882152, 37.77228738]}, "properties": {"id": "homerise-at-mission-bay", "name": "HomeRise at Mission Bay", "type": "psh", "subtype": "MOHCD 100% Affordable (New Development)", "covered_by_ch124": false, "address": "410 China Basin St", "district": "6", "neighborhood": "Mission Bay", "beds_or_units": 140, "unit_kind": "units", "status": "open", "confidence": "verified", "as_of": "2026-05-21"}}, {"type": "Feature", "geometry": {"type": "Point", "coordinates": [-122.4029187, 37.77544534]}, "properties": {"id": "tahanan", "name": "Tahanan", "type": "psh", "subtype": "MOHCD 100% Affordable (New Development)", "covered_by_ch124": false, "address": "833 Bryant St", "district": "6", "neighborhood": "South of Market", "beds_or_units": 145, "unit_kind": "units", "status": "open", "confidence": "verified", "as_of": "2026-05-21"}}, {"type": "Feature", "geometry": {"type": "Point", "coordinates": [-122.4141567, 37.78195238]}, "properties": {"id": "kelly-cullen-community", "name": "Kelly Cullen Community", "type": "psh", "subtype": "MOHCD 100% Affordable (New Development)", "covered_by_ch124": false, "address": "220 Golden Gate Ave", "district": "5", "neighborhood": "Tenderloin", "beds_or_units": 172, "unit_kind": "units", "status": "open", "confidence": "verified", "as_of": "2026-05-21"}}, {"type": "Feature", "geometry": {"type": "Point", "coordinates": [-122.4170988, 37.78833738]}, "properties": {"id": "granada-hotel", "name": "Granada Hotel", "type": "psh", "subtype": "MOHCD 100% Affordable (Preservation)", "covered_by_ch124": false, "address": "1000 Sutter St", "district": "3", "neighborhood": "Nob Hill", "beds_or_units": 212, "unit_kind": "units", "status": "open", "confidence": "verified", "as_of": "2026-05-21"}}, {"type": "Feature", "geometry": {"type": "Point", "coordinates": [-122.4174971, 37.76465907]}, "properties": {"id": "mission-hotel", "name": "Mission Hotel", "type": "psh", "subtype": "MOHCD 100% Affordable (New Development)", "covered_by_ch124": false, "address": "520 South Van Ness Ave", "district": "9", "neighborhood": "Mission", "beds_or_units": 241, "unit_kind": "units", "status": "open", "confidence": "verified", "as_of": "2026-05-21"}}, {"type": "Feature", "geometry": {"type": "Point", "coordinates": [-122.4098659, 37.78026776]}, "properties": {"id": "1064-mission", "name": "1064 Mission", "type": "psh", "subtype": "MOHCD 100% Affordable (New Development)", "covered_by_ch124": false, "address": "1064-1068 Mission St", "district": "6", "neighborhood": "South of Market", "beds_or_units": 256, "unit_kind": "units", "status": "open", "confidence": "verified", "as_of": "2026-05-21"}}, {"type": "Feature", "geometry": {"type": "Point", "coordinates": [-122.394171415701, 37.725273533299]}, "properties": {"id": "integrated-behavioral-health-program-1", "name": "Integrated Behavioral Health Program", "type": "bh_outpatient", "subtype": "MH", "covered_by_ch124": false, "address": "5815 Third Street", "district": "10", "neighborhood": "Bayview Hunters Point", "beds_or_units": null, "unit_kind": "sites", "status": "open", "confidence": "verified", "as_of": "2025-11-04"}}, {"type": "Feature", "geometry": {"type": "Point", "coordinates": [-122.40827066598, 37.778782027915]}, "properties": {"id": "a-women-s-place-2", "name": "A Women's Place", "type": "bh_outpatient", "subtype": "MH", "covered_by_ch124": false, "address": "1049 Howard Street", "district": "6", "neighborhood": "South of Market", "beds_or_units": null, "unit_kind": "sites", "status": "open", "confidence": "verified", "as_of": "2025-11-04"}}, {"type": "Feature", "geometry": {"type": "Point", "coordinates": [-122.41743463822, 37.784330161805]}, "properties": {"id": "essex-house-3", "name": "Essex House", "type": "bh_outpatient", "subtype": "MH", "covered_by_ch124": false, "address": "684 Ellis Street", "district": "5", "neighborhood": "Tenderloin", "beds_or_units": null, "unit_kind": "sites", "status": "open", "confidence": "verified", "as_of": "2025-11-04"}}, {"type": "Feature", "geometry": {"type": "Point", "coordinates": [-122.415711857056, 37.775345431543]}, "properties": {"id": "conard-house-4", "name": "Conard House", "type": "bh_outpatient", "subtype": "MH", "covered_by_ch124": false, "address": "1385 Mission Street", "district": "6", "neighborhood": "South of Market", "beds_or_units": null, "unit_kind": "sites", "status": "open", "confidence": "verified", "as_of": "2025-11-04"}}, {"type": "Feature", "geometry": {"type": "Point", "coordinates": [-122.414420878405, 37.78268974154]}, "properties": {"id": "curry-senior-center-5", "name": "Curry Senior Center", "type": "bh_outpatient", "subtype": "MH", "covered_by_ch124": false, "address": "315 Turk Street", "district": "5", "neighborhood": "Tenderloin", "beds_or_units": null, "unit_kind": "sites", "status": "open", "confidence": "verified", "as_of": "2025-11-04"}}, {"type": "Feature", "geometry": {"type": "Point", "coordinates": [-122.411503271563, 37.776217080408]}, "properties": {"id": "ecs-bhs-6", "name": "ECS BHS", "type": "bh_outpatient", "subtype": "MH", "covered_by_ch124": false, "address": "201 8th Street", "district": "6", "neighborhood": "South of Market", "beds_or_units": null, "unit_kind": "sites", "status": "open", "confidence": "verified", "as_of": "2025-11-04"}}, {"type": "Feature", "geometry": {"type": "Point", "coordinates": [-122.423533612757, 37.788342663614]}, "properties": {"id": "fsa-mental-health-services-7", "name": "FSA Mental Health Services", "type": "bh_outpatient", "subtype": "MH", "covered_by_ch124": false, "address": "1500 Franklin Street", "district": "2", "neighborhood": "Western Addition", "beds_or_units": null, "unit_kind": "sites", "status": "open", "confidence": "verified", "as_of": "2025-11-04"}}, {"type": "Feature", "geometry": {"type": "Point", "coordinates": [-122.427259197567, 37.77448376232]}, "properties": {"id": "odyssey-house-15", "name": "Odyssey House", "type": "bh_outpatient", "subtype": "MH", "covered_by_ch124": false, "address": "484 Oak Street", "district": "5", "neighborhood": "Hayes Valley", "beds_or_units": null, "unit_kind": "sites", "status": "open", "confidence": "verified", "as_of": "2025-11-04"}}, {"type": "Feature", "geometry": {"type": "Point", "coordinates": [-122.419897668377, 37.769598228432]}, "properties": {"id": "adult-specialty-mental-health-8", "name": "Adult Specialty Mental Health", "type": "bh_outpatient", "subtype": "MH", "covered_by_ch124": false, "address": "1735 Mission Street", "district": "9", "neighborhood": "Mission", "beds_or_units": null, "unit_kind": "sites", "status": "open", "confidence": "verified", "as_of": "2025-11-04"}}, {"type": "Feature", "geometry": {"type": "Point", "coordinates": [-122.449714653055, 37.773535073124]}, "properties": {"id": "adult-specialty-mental-health-project-adapt-9", "name": "Adult Specialty Mental Health Project ADAPT", "type": "bh_outpatient", "subtype": "MH", "covered_by_ch124": false, "address": "2020 Hayes Street", "district": "5", "neighborhood": "Lone Mountain/USF", "beds_or_units": null, "unit_kind": "sites", "status": "open", "confidence": "verified", "as_of": "2025-11-04"}}, {"type": "Feature", "geometry": {"type": "Point", "coordinates": [-122.416929571758, 37.788328460609]}, "properties": {"id": "adult-full-service-partnership--fsp--and-outpatient-services-10", "name": "Adult Full-Service Partnership (FSP) and Outpatient Services", "type": "bh_outpatient", "subtype": "MH", "covered_by_ch124": false, "address": "815 Hyde Street", "district": "3", "neighborhood": "Nob Hill", "beds_or_units": null, "unit_kind": "sites", "status": "open", "confidence": "verified", "as_of": "2025-11-04"}}, {"type": "Feature", "geometry": {"type": "Point", "coordinates": [-122.418184475863, 37.750312981832]}, "properties": {"id": "adult-outpatient-behavioral-health-clinic-11", "name": "Adult Outpatient Behavioral Health Clinic", "type": "bh_outpatient", "subtype": "MH", "covered_by_ch124": false, "address": "2919 Mission Street", "district": "9", "neighborhood": "Mission", "beds_or_units": null, "unit_kind": "sites", "status": "open", "confidence": "verified", "as_of": "2025-11-04"}}, {"type": "Feature", "geometry": {"type": "Point", "coordinates": [-122.422773860623, 37.774094616427]}, "properties": {"id": "assisted-independent-living-program--ailp--12", "name": "Assisted Independent Living Program (AILP)", "type": "bh_outpatient", "subtype": "MH", "covered_by_ch124": false, "address": "120 Page Street", "district": "6", "neighborhood": "Hayes Valley", "beds_or_units": null, "unit_kind": "sites", "status": "open", "confidence": "verified", "as_of": "2025-11-04"}}, {"type": "Feature", "geometry": {"type": "Point", "coordinates": [-122.452082914319, 37.774072465882]}, "properties": {"id": "grove-street-house-13", "name": "Grove Street House", "type": "bh_outpatient", "subtype": "MH", "covered_by_ch124": false, "address": "2157 Grove Street", "district": "5", "neighborhood": "Lone Mountain/USF", "beds_or_units": null, "unit_kind": "sites", "status": "open", "confidence": "verified", "as_of": "2025-11-04"}}, {"type": "Feature", "geometry": {"type": "Point", "coordinates": [-122.407396922421, 37.776473885124]}, "properties": {"id": "jo-ruffin-place-14", "name": "Jo Ruffin Place", "type": "bh_outpatient", "subtype": "MH", "covered_by_ch124": false, "address": "333-7th Street", "district": "6", "neighborhood": "South of Market", "beds_or_units": null, "unit_kind": "sites", "status": "open", "confidence": "verified", "as_of": "2025-11-04"}}, {"type": "Feature", "geometry": {"type": "Point", "coordinates": [-122.422336215562, 37.7444774343]}, "properties": {"id": "san-jose-place-16", "name": "San Jose Place", "type": "bh_outpatient", "subtype": "MH", "covered_by_ch124": false, "address": "673 San Jose Avenue", "district": "9", "neighborhood": "Bernal Heights", "beds_or_units": null, "unit_kind": "sites", "status": "open", "confidence": "verified", "as_of": "2025-11-04"}}, {"type": "Feature", "geometry": {"type": "Point", "coordinates": [-122.441668519661, 37.777683683314]}, "properties": {"id": "baker-street-house-17", "name": "Baker Street House", "type": "bh_outpatient", "subtype": "MH", "covered_by_ch124": false, "address": "730 Baker Street", "district": "5", "neighborhood": "Western Addition", "beds_or_units": null, "unit_kind": "sites", "status": "open", "confidence": "verified", "as_of": "2025-11-04"}}, {"type": "Feature", "geometry": {"type": "Point", "coordinates": [-122.46776960663, 37.765760693683]}, "properties": {"id": "robertson-place-18", "name": "Robertson Place", "type": "bh_outpatient", "subtype": "MH", "covered_by_ch124": false, "address": "921 Lincoln Way", "district": "7", "neighborhood": "Inner Sunset", "beds_or_units": null, "unit_kind": "sites", "status": "open", "confidence": "verified", "as_of": "2025-11-04"}}, {"type": "Feature", "geometry": {"type": "Point", "coordinates": [-122.395437282152, 37.766931020889]}, "properties": {"id": "avenues-20", "name": "Avenues", "type": "bh_outpatient", "subtype": "MH", "covered_by_ch124": false, "address": "1443 Seventh Avenue", "district": "6", "neighborhood": "Mission Bay", "beds_or_units": null, "unit_kind": "sites", "status": "open", "confidence": "verified", "as_of": "2025-11-04"}}, {"type": "Feature", "geometry": {"type": "Point", "coordinates": [-122.395437282152, 37.766931020889]}, "properties": {"id": "avenues-20", "name": "Avenues", "type": "bh_outpatient", "subtype": "MH", "covered_by_ch124": false, "address": "1443 Seventh Avenue", "district": "6", "neighborhood": "Mission Bay", "beds_or_units": null, "unit_kind": "sites", "status": "open", "confidence": "verified", "as_of": "2025-11-04"}}, {"type": "Feature", "geometry": {"type": "Point", "coordinates": [-122.447583494155, 37.773583556887]}, "properties": {"id": "ashbury-house-21", "name": "Ashbury House", "type": "bh_outpatient", "subtype": "MH", "covered_by_ch124": false, "address": "212 Ashbury Street", "district": "5", "neighborhood": "Lone Mountain/USF", "beds_or_units": null, "unit_kind": "sites", "status": "open", "confidence": "verified", "as_of": "2025-11-04"}}, {"type": "Feature", "geometry": {"type": "Point", "coordinates": [-122.429504721107, 37.791365354443]}, "properties": {"id": "clay-street-residential-22", "name": "Clay Street Residential", "type": "bh_outpatient", "subtype": "MH", "covered_by_ch124": false, "address": "2210 Clay Street", "district": "2", "neighborhood": "Pacific Heights", "beds_or_units": null, "unit_kind": "sites", "status": "open", "confidence": "verified", "as_of": "2025-11-04"}}, {"type": "Feature", "geometry": {"type": "Point", "coordinates": [-122.412307597611, 37.757767130902]}, "properties": {"id": "la-amistad-23", "name": "La Amistad", "type": "bh_outpatient", "subtype": "MH", "covered_by_ch124": false, "address": "2481 Harrison Street", "district": "9", "neighborhood": "Mission", "beds_or_units": null, "unit_kind": "sites", "status": "open", "confidence": "verified", "as_of": "2025-11-04"}}, {"type": "Feature", "geometry": {"type": "Point", "coordinates": [-122.450639362875, 37.767568242104]}, "properties": {"id": "progress-house-24", "name": "Progress House", "type": "bh_outpatient", "subtype": "MH", "covered_by_ch124": false, "address": "25 Beulah Street", "district": "8", "neighborhood": "Haight Ashbury", "beds_or_units": null, "unit_kind": "sites", "status": "open", "confidence": "verified", "as_of": "2025-11-04"}}, {"type": "Feature", "geometry": {"type": "Point", "coordinates": [-122.441197953269, 37.774650951377]}, "properties": {"id": "dorine-loso-house-25", "name": "Dorine Loso House", "type": "bh_outpatient", "subtype": "MH", "covered_by_ch124": false, "address": "405 Baker Street", "district": "5", "neighborhood": "Lone Mountain/USF", "beds_or_units": null, "unit_kind": "sites", "status": "open", "confidence": "verified", "as_of": "2025-11-04"}}, {"type": "Feature", "geometry": {"type": "Point", "coordinates": [-122.417558191497, 37.753692919321]}, "properties": {"id": "la-posada-30", "name": "La Posada", "type": "bh_outpatient", "subtype": "MH", "covered_by_ch124": false, "address": "810 Capp Street", "district": "9", "neighborhood": "Mission", "beds_or_units": null, "unit_kind": "sites", "status": "open", "confidence": "verified", "as_of": "2025-11-04"}}, {"type": "Feature", "geometry": {"type": "Point", "coordinates": [-122.452794574089, 37.774316114389]}, "properties": {"id": "shrader-house-26", "name": "Shrader House", "type": "bh_outpatient", "subtype": "MH", "covered_by_ch124": false, "address": "50 Shrader Street", "district": "1", "neighborhood": "Lone Mountain/USF", "beds_or_units": null, "unit_kind": "sites", "status": "open", "confidence": "verified", "as_of": "2025-11-04"}}, {"type": "Feature", "geometry": {"type": "Point", "coordinates": [-122.413020030182, 37.77383526576]}, "properties": {"id": "dore-urgent-care-center--ducc--27", "name": "Dore Urgent Care Center (DUCC)", "type": "bh_outpatient", "subtype": "MH", "covered_by_ch124": false, "address": "52 Dore Street", "district": "6", "neighborhood": "South of Market", "beds_or_units": null, "unit_kind": "sites", "status": "open", "confidence": "verified", "as_of": "2025-11-04"}}, {"type": "Feature", "geometry": {"type": "Point", "coordinates": [-122.414983565475, 37.741758122791]}, "properties": {"id": "carroll-house-residential-seniors-program-28", "name": "Carroll House Residential Seniors Program", "type": "bh_outpatient", "subtype": "MH", "covered_by_ch124": false, "address": "73 Anderson Street", "district": "9", "neighborhood": "Bernal Heights", "beds_or_units": null, "unit_kind": "sites", "status": "open", "confidence": "verified", "as_of": "2025-11-04"}}, {"type": "Feature", "geometry": {"type": "Point", "coordinates": [-122.421171403168, 37.740409542183]}, "properties": {"id": "cortland-house-29", "name": "Cortland House", "type": "bh_outpatient", "subtype": "MH", "covered_by_ch124": false, "address": "77 Cortland Avenue", "district": "9", "neighborhood": "Bernal Heights", "beds_or_units": null, "unit_kind": "sites", "status": "open", "confidence": "verified", "as_of": "2025-11-04"}}, {"type": "Feature", "geometry": {"type": "Point", "coordinates": [-122.473715809591, 37.743077835908]}, "properties": {"id": "progress-supported-living-31", "name": "Progress Supported Living", "type": "bh_outpatient", "subtype": "MH", "covered_by_ch124": false, "address": "711 Taraval Street", "district": "7", "neighborhood": "West of Twin Peaks", "beds_or_units": null, "unit_kind": "sites", "status": "open", "confidence": "verified", "as_of": "2025-11-04"}}, {"type": "Feature", "geometry": {"type": "Point", "coordinates": [-122.390849645102, 37.753665143084]}, "properties": {"id": "rams-hire-ability-32", "name": "RAMS Hire-Ability", "type": "bh_outpatient", "subtype": "MH", "covered_by_ch124": false, "address": "1234 Indiana Street", "district": "10", "neighborhood": "Potrero Hill", "beds_or_units": null, "unit_kind": "sites", "status": "open", "confidence": "verified", "as_of": "2025-11-04"}}, {"type": "Feature", "geometry": {"type": "Point", "coordinates": [-122.413758302201, 37.776906163655]}, "properties": {"id": "caap-counseling-and-pre-vocational-services-33", "name": "CAAP Counseling and Pre-Vocational Services", "type": "bh_outpatient", "subtype": "MH", "covered_by_ch124": false, "address": "1235 Mission Street", "district": "6", "neighborhood": "South of Market", "beds_or_units": null, "unit_kind": "sites", "status": "open", "confidence": "verified", "as_of": "2025-11-04"}}, {"type": "Feature", "geometry": {"type": "Point", "coordinates": [-122.415823558464, 37.778000353892]}, "properties": {"id": "peer-based-services-34", "name": "Peer-Based Services", "type": "bh_outpatient", "subtype": "MH", "covered_by_ch124": false, "address": "1282 Market Street", "district": "6", "neighborhood": "Tenderloin", "beds_or_units": null, "unit_kind": "sites", "status": "open", "confidence": "verified", "as_of": "2025-11-04"}}, {"type": "Feature", "geometry": {"type": "Point", "coordinates": [-122.441339295317, 37.783689607105]}, "properties": {"id": "broderick-street-adult-residential-facility-services--bsarf--35", "name": "Broderick Street Adult Residential Facility Services (BSARF)", "type": "bh_outpatient", "subtype": "MH", "covered_by_ch124": false, "address": "1421 Broderick Street", "district": "2", "neighborhood": "Japantown", "beds_or_units": null, "unit_kind": "sites", "status": "open", "confidence": "verified", "as_of": "2025-11-04"}}, {"type": "Feature", "geometry": {"type": "Point", "coordinates": [-122.49763806275, 37.775756903271]}, "properties": {"id": "adult-older-adult-outpatient-clinic-36", "name": "Adult/Older Adult Outpatient Clinic", "type": "bh_outpatient", "subtype": "MH", "covered_by_ch124": false, "address": "3626 Balboa Street", "district": "1", "neighborhood": "Outer Richmond", "beds_or_units": null, "unit_kind": "sites", "status": "open", "confidence": "verified", "as_of": "2025-11-04"}}, {"type": "Feature", "geometry": {"type": "Point", "coordinates": [-122.501863672299, 37.775568072094]}, "properties": {"id": "asian---pacific-islander-mental-health-collaborative--apimhc--37", "name": "Asian & Pacific Islander Mental Health Collaborative (APIMHC)", "type": "bh_outpatient", "subtype": "MH", "covered_by_ch124": false, "address": "4020 Balboa Street", "district": "1", "neighborhood": "Outer Richmond", "beds_or_units": null, "unit_kind": "sites", "status": "open", "confidence": "verified", "as_of": "2025-11-04"}}, {"type": "Feature", "geometry": {"type": "Point", "coordinates": [-122.410956824393, 37.781507534912]}, "properties": {"id": "the-stonewall-project-38", "name": "The Stonewall Project", "type": "bh_outpatient", "subtype": "MH", "covered_by_ch124": false, "address": "1035 Market Street", "district": "6", "neighborhood": "South of Market", "beds_or_units": null, "unit_kind": "sites", "status": "open", "confidence": "verified", "as_of": "2025-11-04"}}, {"type": "Feature", "geometry": {"type": "Point", "coordinates": [-122.460326377101, 37.724661065664]}, "properties": {"id": "omi-family-center-39", "name": "OMI Family Center", "type": "bh_outpatient", "subtype": "MH", "covered_by_ch124": false, "address": "1701 Ocean Avenue", "district": "11", "neighborhood": "Oceanview/Merced/Ingleside", "beds_or_units": null, "unit_kind": "sites", "status": "open", "confidence": "verified", "as_of": "2025-11-04"}}, {"type": "Feature", "geometry": {"type": "Point", "coordinates": [-122.499724928504, 37.749672181795]}, "properties": {"id": "sunset-mental-health-services-adult-40", "name": "Sunset Mental Health Services Adult", "type": "bh_outpatient", "subtype": "MH", "covered_by_ch124": false, "address": "1990-41st Avenue", "district": "4", "neighborhood": "Sunset/Parkside", "beds_or_units": null, "unit_kind": "sites", "status": "open", "confidence": "verified", "as_of": "2025-11-04"}}, {"type": "Feature", "geometry": {"type": "Point", "coordinates": [-122.418644352201, 37.753591637685]}, "properties": {"id": "community-justice-service-center--cjsc--41", "name": "Community Justice Service Center (CJSC)", "type": "bh_outpatient", "subtype": "MH", "covered_by_ch124": false, "address": "2712 Mission Street", "district": "9", "neighborhood": "Mission", "beds_or_units": null, "unit_kind": "sites", "status": "open", "confidence": "verified", "as_of": "2025-11-04"}}, {"type": "Feature", "geometry": {"type": "Point", "coordinates": [-122.388088475589, 37.741813349482]}, "properties": {"id": "comprehensive-crisis-team-42", "name": "Comprehensive Crisis Team", "type": "bh_outpatient", "subtype": "MH", "covered_by_ch124": false, "address": "3801 3rd Street", "district": "10", "neighborhood": "Bayview Hunters Point", "beds_or_units": null, "unit_kind": "sites", "status": "open", "confidence": "verified", "as_of": "2025-11-04"}}, {"type": "Feature", "geometry": {"type": "Point", "coordinates": [-122.419019878263, 37.781931196397]}, "properties": {"id": "community-justice-center--cjc--43", "name": "Community Justice Center (CJC)", "type": "bh_outpatient", "subtype": "MH", "covered_by_ch124": false, "address": "555 Polk Street", "district": "5", "neighborhood": "Tenderloin", "beds_or_units": null, "unit_kind": "sites", "status": "open", "confidence": "verified", "as_of": "2025-11-04"}}, {"type": "Feature", "geometry": {"type": "Point", "coordinates": [-122.411860967081, 37.801010159841]}, "properties": {"id": "chinatown-north-beach-mental-health-services-44", "name": "Chinatown North Beach Mental Health Services", "type": "bh_outpatient", "subtype": "MH", "covered_by_ch124": false, "address": "729 Filbert Street", "district": "3", "neighborhood": "Chinatown", "beds_or_units": null, "unit_kind": "sites", "status": "open", "confidence": "verified", "as_of": "2025-11-04"}}, {"type": "Feature", "geometry": {"type": "Point", "coordinates": [-122.417020768452, 37.761097465696]}, "properties": {"id": "south-van-ness-hiv-and-gender-services-45", "name": "South Van Ness HIV and Gender Services", "type": "bh_outpatient", "subtype": "MH", "covered_by_ch124": false, "address": "755 South Van Ness Avenue", "district": "9", "neighborhood": "Mission", "beds_or_units": null, "unit_kind": "sites", "status": "open", "confidence": "verified", "as_of": "2025-11-04"}}, {"type": "Feature", "geometry": {"type": "Point", "coordinates": [-122.398940952063, 37.781403840714]}, "properties": {"id": "south-of-market-mental-health-services-46", "name": "South of Market Mental Health Services", "type": "bh_outpatient", "subtype": "MH", "covered_by_ch124": false, "address": "760 Harrison Street", "district": "6", "neighborhood": "South of Market", "beds_or_units": null, "unit_kind": "sites", "status": "open", "confidence": "verified", "as_of": "2025-11-04"}}, {"type": "Feature", "geometry": {"type": "Point", "coordinates": [-122.40663821554, 37.756926145551]}, "properties": {"id": "gender-health-sf-47", "name": "Gender Health SF", "type": "bh_outpatient", "subtype": "MH", "covered_by_ch124": false, "address": "995 Potrero Avenue", "district": "10", "neighborhood": "Mission", "beds_or_units": null, "unit_kind": "sites", "status": "open", "confidence": "verified", "as_of": "2025-11-04"}}, {"type": "Feature", "geometry": {"type": "Point", "coordinates": [-122.408583167491, 37.778695072272]}, "properties": {"id": "swords-to-plowshares-48", "name": "Swords to Plowshares", "type": "bh_outpatient", "subtype": "MH", "covered_by_ch124": false, "address": "1060 Howard Street", "district": "6", "neighborhood": "South of Market", "beds_or_units": null, "unit_kind": "sites", "status": "open", "confidence": "verified", "as_of": "2025-11-04"}}, {"type": "Feature", "geometry": {"type": "Point", "coordinates": [-122.425452197919, 37.770441592596]}, "properties": {"id": "alliance-health-project--ifso--49", "name": "Alliance Health Project (IFSO)", "type": "bh_outpatient", "subtype": "MH", "covered_by_ch124": false, "address": "1930 Market Street", "district": "8", "neighborhood": "Hayes Valley", "beds_or_units": null, "unit_kind": "sites", "status": "open", "confidence": "verified", "as_of": "2025-11-04"}}, {"type": "Feature", "geometry": {"type": "Point", "coordinates": [-122.408487338385, 37.781224916435]}, "properties": {"id": "citywide-50", "name": "Citywide", "type": "bh_outpatient", "subtype": "MH", "covered_by_ch124": false, "address": "982 Mission Street", "district": "6", "neighborhood": "South of Market", "beds_or_units": null, "unit_kind": "sites", "status": "open", "confidence": "verified", "as_of": "2025-11-04"}}, {"type": "Feature", "geometry": {"type": "Point", "coordinates": [-122.414849715681, 37.772610820061]}, "properties": {"id": "crisis---adult-op-services-51", "name": "Crisis & Adult OP Services", "type": "bh_outpatient", "subtype": "MH", "covered_by_ch124": false, "address": "245 11th Street", "district": "6", "neighborhood": "South of Market", "beds_or_units": null, "unit_kind": "sites", "status": "open", "confidence": "verified", "as_of": "2025-11-04"}}, {"type": "Feature", "geometry": {"type": "Point", "coordinates": [-122.419568066627, 37.764749484041]}, "properties": {"id": "a-better-way-outpatient-52", "name": "A Better Way Outpatient", "type": "bh_outpatient", "subtype": "MH", "covered_by_ch124": false, "address": "2017 Mission Street", "district": "9", "neighborhood": "Mission", "beds_or_units": null, "unit_kind": "sites", "status": "open", "confidence": "verified", "as_of": "2025-11-04"}}, {"type": "Feature", "geometry": {"type": "Point", "coordinates": [-122.419568066627, 37.764749484041]}, "properties": {"id": "a-better-way-outpatient-52", "name": "A Better Way Outpatient", "type": "bh_outpatient", "subtype": "MH", "covered_by_ch124": false, "address": "2017 Mission Street", "district": "9", "neighborhood": "Mission", "beds_or_units": null, "unit_kind": "sites", "status": "open", "confidence": "verified", "as_of": "2025-11-04"}}, {"type": "Feature", "geometry": {"type": "Point", "coordinates": [-122.391296411549, 37.711108011188]}, "properties": {"id": "alternative-family-services-53", "name": "Alternative Family Services", "type": "bh_outpatient", "subtype": "MH", "covered_by_ch124": false, "address": "250 Executive Park Boulevard", "district": "10", "neighborhood": "Bayview Hunters Point", "beds_or_units": null, "unit_kind": "sites", "status": "open", "confidence": "verified", "as_of": "2025-11-04"}}, {"type": "Feature", "geometry": {"type": "Point", "coordinates": [-122.394171415701, 37.725273533299]}, "properties": {"id": "integrated-behavioral-health-program--children-s-54", "name": "Integrated Behavioral Health Program -Children\u2019s", "type": "bh_outpatient", "subtype": "MH", "covered_by_ch124": false, "address": "5815 Third Street", "district": "10", "neighborhood": "Bayview Hunters Point", "beds_or_units": null, "unit_kind": "sites", "status": "open", "confidence": "verified", "as_of": "2025-11-04"}}, {"type": "Feature", "geometry": {"type": "Point", "coordinates": [-122.492898826051, 37.774965103364]}, "properties": {"id": "sf-boys-and-girls-home-55", "name": "SF Boys and Girls Home", "type": "bh_outpatient", "subtype": "MH", "covered_by_ch124": false, "address": "750 - 33rd Avenue", "district": "1", "neighborhood": "Outer Richmond", "beds_or_units": null, "unit_kind": "sites", "status": "open", "confidence": "verified", "as_of": "2025-11-04"}}, {"type": "Feature", "geometry": {"type": "Point", "coordinates": [-122.458212035009, 37.783807131786]}, "properties": {"id": "sf-boys-and-girls-home---euclid-house-56", "name": "SF Boys and Girls Home - Euclid House", "type": "bh_outpatient", "subtype": "MH", "covered_by_ch124": false, "address": "823 Euclid Avenue", "district": "2", "neighborhood": "Presidio Heights", "beds_or_units": null, "unit_kind": "sites", "status": "open", "confidence": "verified", "as_of": "2025-11-04"}}, {"type": "Feature", "geometry": {"type": "Point", "coordinates": [-122.41893980772, 37.787009372125]}, "properties": {"id": "cyc-behavioral-health-services-58", "name": "CYC Behavioral Health Services", "type": "bh_outpatient", "subtype": "MH", "covered_by_ch124": false, "address": "1038 Post Street", "district": "3", "neighborhood": "Nob Hill", "beds_or_units": null, "unit_kind": "sites", "status": "open", "confidence": "verified", "as_of": "2025-11-04"}}, {"type": "Feature", "geometry": {"type": "Point", "coordinates": [-122.452705646805, 37.77315129498]}, "properties": {"id": "mcauley-adolescent-outpatient-59", "name": "McAuley Adolescent Outpatient", "type": "bh_outpatient", "subtype": "MH", "covered_by_ch124": false, "address": "2200 Hayes Street", "district": "1", "neighborhood": "Lone Mountain/USF", "beds_or_units": null, "unit_kind": "sites", "status": "open", "confidence": "verified", "as_of": "2025-11-04"}}, {"type": "Feature", "geometry": {"type": "Point", "coordinates": [-122.388088475589, 37.741813349482]}, "properties": {"id": "edgewood-bayview-60", "name": "Edgewood Bayview", "type": "bh_outpatient", "subtype": "MH", "covered_by_ch124": false, "address": "3801 3rd Street", "district": "10", "neighborhood": "Bayview Hunters Point", "beds_or_units": null, "unit_kind": "sites", "status": "open", "confidence": "verified", "as_of": "2025-11-04"}}, {"type": "Feature", "geometry": {"type": "Point", "coordinates": [-122.486207801814, 37.738788820759]}, "properties": {"id": "edgewood-san-francisco-61", "name": "Edgewood San Francisco", "type": "bh_outpatient", "subtype": "MH", "covered_by_ch124": false, "address": "1801 Vicente Street", "district": "4", "neighborhood": "Sunset/Parkside", "beds_or_units": null, "unit_kind": "sites", "status": "open", "confidence": "verified", "as_of": "2025-11-04"}}, {"type": "Feature", "geometry": {"type": "Point", "coordinates": [-122.408955792092, 37.750211376285]}, "properties": {"id": "full-circle-family-program--fcfp--62", "name": "Full Circle Family Program (FCFP)", "type": "bh_outpatient", "subtype": "MH", "covered_by_ch124": false, "address": "2730 Bryant Street", "district": "9", "neighborhood": "Mission", "beds_or_units": null, "unit_kind": "sites", "status": "open", "confidence": "verified", "as_of": "2025-11-04"}}, {"type": "Feature", "geometry": {"type": "Point", "coordinates": [-122.387316353132, 37.745607315857]}, "properties": {"id": "homeless-children-s-network-63", "name": "Homeless Children's Network", "type": "bh_outpatient", "subtype": "MH", "covered_by_ch124": false, "address": "3450 3rd Street", "district": "10", "neighborhood": "Bayview Hunters Point", "beds_or_units": null, "unit_kind": "sites", "status": "open", "confidence": "verified", "as_of": "2025-11-04"}}, {"type": "Feature", "geometry": {"type": "Point", "coordinates": [-122.407444387408, 37.763942854699]}, "properties": {"id": "outreach-and-engagement-services-64", "name": "Outreach and Engagement Services", "type": "bh_outpatient", "subtype": "MH", "covered_by_ch124": false, "address": "440 Potrero Avenue", "district": "9", "neighborhood": "Mission", "beds_or_units": null, "unit_kind": "sites", "status": "open", "confidence": "verified", "as_of": "2025-11-04"}}, {"type": "Feature", "geometry": {"type": "Point", "coordinates": [-122.442035817827, 37.771650228617]}, "properties": {"id": "huckleberry-youth-counseling-programs-65", "name": "Huckleberry Youth Counseling Programs", "type": "bh_outpatient", "subtype": "MH", "covered_by_ch124": false, "address": "1292 Page Street", "district": "5", "neighborhood": "Haight Ashbury", "beds_or_units": null, "unit_kind": "sites", "status": "open", "confidence": "verified", "as_of": "2025-11-04"}}, {"type": "Feature", "geometry": {"type": "Point", "coordinates": [-122.418184475863, 37.750312981832]}, "properties": {"id": "la-cultura-cura-66", "name": "La Cultura Cura", "type": "bh_outpatient", "subtype": "MH", "covered_by_ch124": false, "address": "2919 Mission Street", "district": "9", "neighborhood": "Mission", "beds_or_units": null, "unit_kind": "sites", "status": "open", "confidence": "verified", "as_of": "2025-11-04"}}, {"type": "Feature", "geometry": {"type": "Point", "coordinates": [-122.441279735652, 37.716226040552]}, "properties": {"id": "la-cultura-cura---geneva-67", "name": "La Cultura Cura - Geneva", "type": "bh_outpatient", "subtype": "MH", "covered_by_ch124": false, "address": "5128 Mission Street", "district": "11", "neighborhood": "Outer Mission", "beds_or_units": null, "unit_kind": "sites", "status": "open", "confidence": "verified", "as_of": "2025-11-04"}}, {"type": "Feature", "geometry": {"type": "Point", "coordinates": [-122.414491566404, 37.784593226638]}, "properties": {"id": "larkin-street-routz-tay-wellness-services-68", "name": "Larkin Street Routz TAY Wellness Services", "type": "bh_outpatient", "subtype": "MH", "covered_by_ch124": false, "address": "501 Ellis Street", "district": "5", "neighborhood": "Tenderloin", "beds_or_units": null, "unit_kind": "sites", "status": "open", "confidence": "verified", "as_of": "2025-11-04"}}, {"type": "Feature", "geometry": {"type": "Point", "coordinates": [-122.447392697543, 37.781020042001]}, "properties": {"id": "epiphany-family-treatment-program-69", "name": "Epiphany Family Treatment Program", "type": "bh_outpatient", "subtype": "MH", "covered_by_ch124": false, "address": "100 Masonic Avenue", "district": "2", "neighborhood": "Lone Mountain/USF", "beds_or_units": null, "unit_kind": "sites", "status": "open", "confidence": "verified", "as_of": "2025-11-04"}}, {"type": "Feature", "geometry": {"type": "Point", "coordinates": [-122.418677419205, 37.764122453037]}, "properties": {"id": "nahc-urban-trails-70", "name": "NAHC Urban Trails", "type": "bh_outpatient", "subtype": "MH", "covered_by_ch124": false, "address": "160 Capp Street", "district": "9", "neighborhood": "Mission", "beds_or_units": null, "unit_kind": "sites", "status": "open", "confidence": "verified", "as_of": "2025-11-04"}}, {"type": "Feature", "geometry": {"type": "Point", "coordinates": [-122.49763806275, 37.775756903271]}, "properties": {"id": "rams-child--youth---family-outpatient-71", "name": "RAMS Child, Youth & Family Outpatient", "type": "bh_outpatient", "subtype": "MH", "covered_by_ch124": false, "address": "3626 Balboa Street", "district": "1", "neighborhood": "Outer Richmond", "beds_or_units": null, "unit_kind": "sites", "status": "open", "confidence": "verified", "as_of": "2025-11-04"}}, {"type": "Feature", "geometry": {"type": "Point", "coordinates": [-122.415645132059, 37.775397959725]}, "properties": {"id": "fu-yau-72", "name": "Fu Yau", "type": "bh_outpatient", "subtype": "MH", "covered_by_ch124": false, "address": "1375 Mission Street", "district": "6", "neighborhood": "South of Market", "beds_or_units": null, "unit_kind": "sites", "status": "open", "confidence": "verified", "as_of": "2025-11-04"}}, {"type": "Feature", "geometry": {"type": "Point", "coordinates": [-122.452610126193, 37.768270826295]}, "properties": {"id": "san-francisco-child-abuse-prevention-center-73", "name": "San Francisco Child Abuse Prevention Center", "type": "bh_outpatient", "subtype": "MH", "covered_by_ch124": false, "address": "1757 Waller Street", "district": "8", "neighborhood": "Haight Ashbury", "beds_or_units": null, "unit_kind": "sites", "status": "open", "confidence": "verified", "as_of": "2025-11-04"}}, {"type": "Feature", "geometry": {"type": "Point", "coordinates": [-122.40497595763, 37.793581795134]}, "properties": {"id": "chinatown-child-development-center-74", "name": "Chinatown Child Development Center", "type": "bh_outpatient", "subtype": "MH", "covered_by_ch124": false, "address": "720 Sacramento Street", "district": "3", "neighborhood": "Chinatown", "beds_or_units": null, "unit_kind": "sites", "status": "open", "confidence": "verified", "as_of": "2025-11-04"}}, {"type": "Feature", "geometry": {"type": "Point", "coordinates": [-122.388088475589, 37.741813349482]}, "properties": {"id": "comprehensive-child-crisis-75", "name": "Comprehensive Child Crisis", "type": "bh_outpatient", "subtype": "MH", "covered_by_ch124": false, "address": "3801 Third Street", "district": "10", "neighborhood": "Bayview Hunters Point", "beds_or_units": null, "unit_kind": "sites", "status": "open", "confidence": "verified", "as_of": "2025-11-04"}}, {"type": "Feature", "geometry": {"type": "Point", "coordinates": [-122.38307653253, 37.739831943505]}, "properties": {"id": "family-mosaic-project-76", "name": "Family Mosaic Project", "type": "bh_outpatient", "subtype": "MH", "covered_by_ch124": false, "address": "1309 Evans Street", "district": "10", "neighborhood": "Bayview Hunters Point", "beds_or_units": null, "unit_kind": "sites", "status": "open", "confidence": "verified", "as_of": "2025-11-04"}}, {"type": "Feature", "geometry": {"type": "Point", "coordinates": [-122.388088475589, 37.741813349482]}, "properties": {"id": "foster-care-mental-health-program-77", "name": "Foster Care Mental Health Program", "type": "bh_outpatient", "subtype": "MH", "covered_by_ch124": false, "address": "3801 3rd Street", "district": "10", "neighborhood": "Bayview Hunters Point", "beds_or_units": null, "unit_kind": "sites", "status": "open", "confidence": "verified", "as_of": "2025-11-04"}}, {"type": "Feature", "geometry": {"type": "Point", "coordinates": [-122.383002915037, 37.739790379551]}, "properties": {"id": "l-e-g-a-c-y-78", "name": "L.E.G.A.C.Y", "type": "bh_outpatient", "subtype": "MH", "covered_by_ch124": false, "address": "1305 Evans Avenue", "district": "10", "neighborhood": "Bayview Hunters Point", "beds_or_units": null, "unit_kind": "sites", "status": "open", "confidence": "verified", "as_of": "2025-11-04"}}, {"type": "Feature", "geometry": {"type": "Point", "coordinates": [-122.417014968993, 37.76103674187]}, "properties": {"id": "mission-family-center-79", "name": "Mission Family Center", "type": "bh_outpatient", "subtype": "MH", "covered_by_ch124": false, "address": "759 South Van Ness Avenue", "district": "9", "neighborhood": "Mission", "beds_or_units": null, "unit_kind": "sites", "status": "open", "confidence": "verified", "as_of": "2025-11-04"}}, {"type": "Feature", "geometry": {"type": "Point", "coordinates": [-122.400739601955, 37.711948561043]}, "properties": {"id": "southeast-child-and-family-therapy-at-blanken-avenue-80", "name": "Southeast Child and Family Therapy at Blanken Avenue", "type": "bh_outpatient", "subtype": "MH", "covered_by_ch124": false, "address": "100 Blanken Avenue", "district": "10", "neighborhood": "Bayview Hunters Point", "beds_or_units": null, "unit_kind": "sites", "status": "open", "confidence": "verified", "as_of": "2025-11-04"}}, {"type": "Feature", "geometry": {"type": "Point", "coordinates": [-122.406329609507, 37.732280784035]}, "properties": {"id": "southeast-child-and-family-therapy-at-silver-avenue-81", "name": "Southeast Child and Family Therapy at Silver Avenue", "type": "bh_outpatient", "subtype": "MH", "covered_by_ch124": false, "address": "1525 Silver Avenue", "district": "9", "neighborhood": "Portola", "beds_or_units": null, "unit_kind": "sites", "status": "open", "confidence": "verified", "as_of": "2025-11-04"}}, {"type": "Feature", "geometry": {"type": "Point", "coordinates": [-122.499724928504, 37.749672181795]}, "properties": {"id": "sunset-mental-health-services-cyf-82", "name": "Sunset Mental Health Services CYF", "type": "bh_outpatient", "subtype": "MH", "covered_by_ch124": false, "address": "1990 41st Avenue", "district": "4", "neighborhood": "Sunset/Parkside", "beds_or_units": null, "unit_kind": "sites", "status": "open", "confidence": "verified", "as_of": "2025-11-04"}}, {"type": "Feature", "geometry": {"type": "Point", "coordinates": [-122.446092311032, 37.709549954347]}, "properties": {"id": "latino-commission---casa-quetzal-10031", "name": "Latino Commission - Casa Quetzal", "type": "bh_residential", "subtype": "Residential Treatment  Services", "covered_by_ch124": false, "address": "635 Brunswick Street", "district": "11", "neighborhood": "Excelsior", "beds_or_units": null, "unit_kind": "sites", "status": "open", "confidence": "verified", "as_of": "2025-10-30"}}, {"type": "Feature", "geometry": {"type": "Point", "coordinates": [-122.482486642128, 37.76237655076]}, "properties": {"id": "sunset-mental-health-team-ii-83", "name": "Sunset Mental Health Team II", "type": "bh_outpatient", "subtype": "MH", "covered_by_ch124": false, "address": "1351 24th Street", "district": "4", "neighborhood": "Sunset/Parkside", "beds_or_units": null, "unit_kind": "sites", "status": "open", "confidence": "verified", "as_of": "2025-11-04"}}, {"type": "Feature", "geometry": {"type": "Point", "coordinates": [-122.404528425632, 37.753054703344]}, "properties": {"id": "san-francisco-connections-85", "name": "San Francisco Connections", "type": "bh_outpatient", "subtype": "MH", "covered_by_ch124": false, "address": "2513 24th Street", "district": "10", "neighborhood": "Mission", "beds_or_units": null, "unit_kind": "sites", "status": "open", "confidence": "verified", "as_of": "2025-11-04"}}, {"type": "Feature", "geometry": {"type": "Point", "coordinates": [-122.453925673867, 37.714038596076]}, "properties": {"id": "sf-farallones-rbs-86", "name": "SF Farallones RBS", "type": "bh_outpatient", "subtype": "MH", "covered_by_ch124": false, "address": "45 Farallones Street", "district": "11", "neighborhood": "Oceanview/Merced/Ingleside", "beds_or_units": null, "unit_kind": "sites", "status": "open", "confidence": "verified", "as_of": "2025-11-04"}}, {"type": "Feature", "geometry": {"type": "Point", "coordinates": [-122.437591789177, 37.773376662338]}, "properties": {"id": "occupational-therapy-training-program--ottp--87", "name": "Occupational Therapy Training Program (OTTP)", "type": "bh_outpatient", "subtype": "MH", "covered_by_ch124": false, "address": "425 Divisadero Street", "district": "5", "neighborhood": "Hayes Valley", "beds_or_units": null, "unit_kind": "sites", "status": "open", "confidence": "verified", "as_of": "2025-11-04"}}, {"type": "Feature", "geometry": {"type": "Point", "coordinates": [-122.40663821554, 37.756926145551]}, "properties": {"id": "child-and-adolescent-support-advocacy-and-resource-center--casarc--88", "name": "Child and Adolescent Support Advocacy and Resource Center (CASARC)", "type": "bh_outpatient", "subtype": "MH", "covered_by_ch124": false, "address": "995 Potrero Avenue", "district": "10", "neighborhood": "Mission", "beds_or_units": null, "unit_kind": "sites", "status": "open", "confidence": "verified", "as_of": "2025-11-04"}}, {"type": "Feature", "geometry": {"type": "Point", "coordinates": [-122.389572437201, 37.766929096008]}, "properties": {"id": "child-adolescent-gender-center--cagc----transgender-support-program-89", "name": "Child Adolescent Gender Center (CAGC) - Transgender Support Program", "type": "bh_outpatient", "subtype": "MH", "covered_by_ch124": false, "address": "550 16th Street", "district": "6", "neighborhood": "Mission Bay", "beds_or_units": null, "unit_kind": "sites", "status": "open", "confidence": "verified", "as_of": "2025-11-04"}}, {"type": "Feature", "geometry": {"type": "Point", "coordinates": [-122.40655992179, 37.756112373214]}, "properties": {"id": "infant-parent-program--ipp--90", "name": "Infant-Parent Program (IPP)", "type": "bh_outpatient", "subtype": "MH", "covered_by_ch124": false, "address": "1001 Potrero Avenue", "district": "10", "neighborhood": "Mission", "beds_or_units": null, "unit_kind": "sites", "status": "open", "confidence": "verified", "as_of": "2025-11-04"}}, {"type": "Feature", "geometry": {"type": "Point", "coordinates": [-122.40655992179, 37.756112373214]}, "properties": {"id": "child-adolescent-center-91", "name": "Child Adolescent Center", "type": "bh_outpatient", "subtype": "MH", "covered_by_ch124": false, "address": "1001 Potrero Avenue", "district": "10", "neighborhood": "Mission", "beds_or_units": null, "unit_kind": "sites", "status": "open", "confidence": "verified", "as_of": "2025-11-04"}}, {"type": "Feature", "geometry": {"type": "Point", "coordinates": [-122.414849715681, 37.772610820061]}, "properties": {"id": "ajani-program-94", "name": "Ajani Program", "type": "bh_outpatient", "subtype": "MH", "covered_by_ch124": false, "address": "245 11th Street", "district": "6", "neighborhood": "South of Market", "beds_or_units": null, "unit_kind": "sites", "status": "open", "confidence": "verified", "as_of": "2025-11-04"}}, {"type": "Feature", "geometry": {"type": "Point", "coordinates": [-122.432492179137, 37.782602173393]}, "properties": {"id": "urban-services-95", "name": "Urban Services", "type": "bh_outpatient", "subtype": "MH", "covered_by_ch124": false, "address": "1426 Fillmore Street", "district": "5", "neighborhood": "Western Addition", "beds_or_units": null, "unit_kind": "sites", "status": "open", "confidence": "verified", "as_of": "2025-11-04"}}, {"type": "Feature", "geometry": {"type": "Point", "coordinates": [-122.389584090696, 37.732208113041]}, "properties": {"id": "bayview-african-american-holistic-wellness-96", "name": "Bayview African American Holistic Wellness", "type": "bh_outpatient", "subtype": "MH", "covered_by_ch124": false, "address": "1601 Lane Street", "district": "10", "neighborhood": "Bayview Hunters Point", "beds_or_units": null, "unit_kind": "sites", "status": "open", "confidence": "verified", "as_of": "2025-11-04"}}, {"type": "Feature", "geometry": {"type": "Point", "coordinates": [-122.416866814746, 37.786312706078]}, "properties": {"id": "geary-stabilization-unit-98", "name": "Geary Stabilization Unit", "type": "bh_outpatient", "subtype": "MH", "covered_by_ch124": false, "address": "822 Geary Street", "district": "3", "neighborhood": "Tenderloin", "beds_or_units": null, "unit_kind": "sites", "status": "open", "confidence": "verified", "as_of": "2025-11-18"}}, {"type": "Feature", "geometry": {"type": "Point", "coordinates": [-122.418644352201, 37.753591637685]}, "properties": {"id": "mission-mental-health-99", "name": "Mission Mental Health", "type": "bh_outpatient", "subtype": "MH", "covered_by_ch124": false, "address": "2712 Mission Street", "district": "9", "neighborhood": "Mission", "beds_or_units": null, "unit_kind": "sites", "status": "open", "confidence": "verified", "as_of": "2025-11-18"}}, {"type": "Feature", "geometry": {"type": "Point", "coordinates": [-122.40655992179, 37.756112373214]}, "properties": {"id": "zuckerberg-san-francisco-general-hospital-and-trauma-center-100", "name": "Zuckerberg San Francisco General Hospital and Trauma Center", "type": "bh_outpatient", "subtype": "MH", "covered_by_ch124": false, "address": "1001 Potrero Avenue", "district": "10", "neighborhood": "Mission", "beds_or_units": null, "unit_kind": "sites", "status": "open", "confidence": "verified", "as_of": "2025-11-19"}}, {"type": "Feature", "geometry": {"type": "Point", "coordinates": [-122.414244080242, 37.774221841427]}, "properties": {"id": "behavioral-health-services-pharmacy-101", "name": "Behavioral Health Services Pharmacy", "type": "bh_outpatient", "subtype": "MH", "covered_by_ch124": false, "address": "1380 Howard Street", "district": "6", "neighborhood": "South of Market", "beds_or_units": null, "unit_kind": "sites", "status": "open", "confidence": "verified", "as_of": "2025-11-19"}}, {"type": "Feature", "geometry": {"type": "Point", "coordinates": [-122.412617676629, 37.780135620501]}, "properties": {"id": "baart---market-10001", "name": "BAART - Market", "type": "otp", "subtype": "Opioid Treatment Programs & Medications for Opioid Use Disorder (MOUD)", "covered_by_ch124": false, "address": "1111 Market Street", "district": "6", "neighborhood": "South of Market", "beds_or_units": null, "unit_kind": "sites", "status": "open", "confidence": "verified", "as_of": "2025-10-30"}}, {"type": "Feature", "geometry": {"type": "Point", "coordinates": [-122.416234885123, 37.78245905205]}, "properties": {"id": "baart---turk-10002", "name": "BAART - Turk", "type": "otp", "subtype": "Opioid Treatment Programs & Medications for Opioid Use Disorder (MOUD)", "covered_by_ch124": false, "address": "433 Turk Street", "district": "5", "neighborhood": "Tenderloin", "beds_or_units": null, "unit_kind": "sites", "status": "open", "confidence": "verified", "as_of": "2025-10-30"}}, {"type": "Feature", "geometry": {"type": "Point", "coordinates": [-122.393630383457, 37.72505442603]}, "properties": {"id": "bayview-hunter-s-point-foundation---mm-10004", "name": "Bayview Hunter's Point Foundation - MM", "type": "otp", "subtype": "Opioid Treatment Programs & Medications for Opioid Use Disorder (MOUD)", "covered_by_ch124": false, "address": "1625 Carroll Street", "district": "10", "neighborhood": "Bayview Hunters Point", "beds_or_units": null, "unit_kind": "sites", "status": "open", "confidence": "verified", "as_of": "2025-10-30"}}, {"type": "Feature", "geometry": {"type": "Point", "coordinates": [-122.40663821554, 37.756926145551]}, "properties": {"id": "dsaam-obot---positive-health-10005", "name": "DSAAM OBOT - Positive Health", "type": "otp", "subtype": "Opioid Treatment Programs & Medications for Opioid Use Disorder (MOUD)", "covered_by_ch124": false, "address": "995 Potrero Avenue", "district": "10", "neighborhood": "Mission", "beds_or_units": null, "unit_kind": "sites", "status": "open", "confidence": "verified", "as_of": "2025-10-30"}}, {"type": "Feature", "geometry": {"type": "Point", "coordinates": [-122.40663821554, 37.756926145551]}, "properties": {"id": "dsaam-obot---positive-health-10005", "name": "DSAAM OBOT - Positive Health", "type": "otp", "subtype": "Opioid Treatment Programs & Medications for Opioid Use Disorder (MOUD)", "covered_by_ch124": false, "address": "995 Potrero Avenue", "district": "10", "neighborhood": "Mission", "beds_or_units": null, "unit_kind": "sites", "status": "open", "confidence": "verified", "as_of": "2025-10-30"}}, {"type": "Feature", "geometry": {"type": "Point", "coordinates": [-122.414388065459, 37.781854763061]}, "properties": {"id": "dsaam-obot---tom-waddell-urban-health-clinic-10006", "name": "DSAAM OBOT - Tom Waddell Urban Health Clinic", "type": "otp", "subtype": "Opioid Treatment Programs & Medications for Opioid Use Disorder (MOUD)", "covered_by_ch124": false, "address": "230 Golden Gate Avenue", "district": "5", "neighborhood": "Tenderloin", "beds_or_units": null, "unit_kind": "sites", "status": "open", "confidence": "verified", "as_of": "2025-10-30"}}, {"type": "Feature", "geometry": {"type": "Point", "coordinates": [-122.414388065459, 37.781854763061]}, "properties": {"id": "dsaam-obot---tom-waddell-urban-health-clinic-10006", "name": "DSAAM OBOT - Tom Waddell Urban Health Clinic", "type": "otp", "subtype": "Opioid Treatment Programs & Medications for Opioid Use Disorder (MOUD)", "covered_by_ch124": false, "address": "230 Golden Gate Avenue", "district": "5", "neighborhood": "Tenderloin", "beds_or_units": null, "unit_kind": "sites", "status": "open", "confidence": "verified", "as_of": "2025-10-30"}}, {"type": "Feature", "geometry": {"type": "Point", "coordinates": [-122.398729808854, 37.754381812465]}, "properties": {"id": "dsaam-obot---potrero-hill-10007", "name": "DSAAM OBOT - Potrero Hill", "type": "otp", "subtype": "Opioid Treatment Programs & Medications for Opioid Use Disorder (MOUD)", "covered_by_ch124": false, "address": "1050 Wisconsin Street", "district": "10", "neighborhood": "Potrero Hill", "beds_or_units": null, "unit_kind": "sites", "status": "open", "confidence": "verified", "as_of": "2025-10-30"}}, {"type": "Feature", "geometry": {"type": "Point", "coordinates": [-122.398729808854, 37.754381812465]}, "properties": {"id": "dsaam-obot---potrero-hill-10007", "name": "DSAAM OBOT - Potrero Hill", "type": "otp", "subtype": "Opioid Treatment Programs & Medications for Opioid Use Disorder (MOUD)", "covered_by_ch124": false, "address": "1050 Wisconsin Street", "district": "10", "neighborhood": "Potrero Hill", "beds_or_units": null, "unit_kind": "sites", "status": "open", "confidence": "verified", "as_of": "2025-10-30"}}, {"type": "Feature", "geometry": {"type": "Point", "coordinates": [-122.40663821554, 37.756926145551]}, "properties": {"id": "dsaam-otop---zuckerberg-san-francisco-general-hospital-10008", "name": "DSAAM OTOP - Zuckerberg San Francisco General Hospital", "type": "otp", "subtype": "Opioid Treatment Programs & Medications for Opioid Use Disorder (MOUD)", "covered_by_ch124": false, "address": "995 Potrero Avenue", "district": "10", "neighborhood": "Mission", "beds_or_units": null, "unit_kind": "sites", "status": "open", "confidence": "verified", "as_of": "2025-10-30"}}, {"type": "Feature", "geometry": {"type": "Point", "coordinates": [-122.40663821554, 37.756926145551]}, "properties": {"id": "dsaam-otop---zuckerberg-san-francisco-general-hospital-10008", "name": "DSAAM OTOP - Zuckerberg San Francisco General Hospital", "type": "otp", "subtype": "Opioid Treatment Programs & Medications for Opioid Use Disorder (MOUD)", "covered_by_ch124": false, "address": "995 Potrero Avenue", "district": "10", "neighborhood": "Mission", "beds_or_units": null, "unit_kind": "sites", "status": "open", "confidence": "verified", "as_of": "2025-10-30"}}, {"type": "Feature", "geometry": {"type": "Point", "coordinates": [-122.391208542212, 37.736106555552]}, "properties": {"id": "dsaam-otop---mobile-van--bayview--10009", "name": "DSAAM OTOP - Mobile Van (Bayview)", "type": "otp", "subtype": "Opioid Treatment Programs & Medications for Opioid Use Disorder (MOUD)", "covered_by_ch124": false, "address": "1676 Newcomb Avenue", "district": "10", "neighborhood": "Bayview Hunters Point", "beds_or_units": null, "unit_kind": "sites", "status": "open", "confidence": "verified", "as_of": "2025-10-30"}}, {"type": "Feature", "geometry": {"type": "Point", "coordinates": [-122.416972417757, 37.749056850137]}, "properties": {"id": "fort-help-mission-10010", "name": "Fort Help Mission", "type": "otp", "subtype": "Opioid Treatment Programs & Medications for Opioid Use Disorder (MOUD)", "covered_by_ch124": false, "address": "1101 Capp Street", "district": "9", "neighborhood": "Mission", "beds_or_units": null, "unit_kind": "sites", "status": "open", "confidence": "verified", "as_of": "2025-10-30"}}, {"type": "Feature", "geometry": {"type": "Point", "coordinates": [-122.416972417757, 37.749056850137]}, "properties": {"id": "fort-help-mission-10010", "name": "Fort Help Mission", "type": "otp", "subtype": "Opioid Treatment Programs & Medications for Opioid Use Disorder (MOUD)", "covered_by_ch124": false, "address": "1101 Capp Street", "district": "9", "neighborhood": "Mission", "beds_or_units": null, "unit_kind": "sites", "status": "open", "confidence": "verified", "as_of": "2025-10-30"}}, {"type": "Feature", "geometry": {"type": "Point", "coordinates": [-122.435898804122, 37.78198859627]}, "properties": {"id": "westside-10011", "name": "Westside", "type": "otp", "subtype": "Opioid Treatment Programs & Medications for Opioid Use Disorder (MOUD)", "covered_by_ch124": false, "address": "1301 Pierce Street", "district": "5", "neighborhood": "Western Addition", "beds_or_units": null, "unit_kind": "sites", "status": "open", "confidence": "verified", "as_of": "2025-10-30"}}, {"type": "Feature", "geometry": {"type": "Point", "coordinates": [-122.435898804122, 37.78198859627]}, "properties": {"id": "westside-10011", "name": "Westside", "type": "otp", "subtype": "Opioid Treatment Programs & Medications for Opioid Use Disorder (MOUD)", "covered_by_ch124": false, "address": "1301 Pierce Street", "district": "5", "neighborhood": "Western Addition", "beds_or_units": null, "unit_kind": "sites", "status": "open", "confidence": "verified", "as_of": "2025-10-30"}}, {"type": "Feature", "geometry": {"type": "Point", "coordinates": [-122.425452197919, 37.770441592596]}, "properties": {"id": "alliance-health-project-10012", "name": "Alliance Health Project", "type": "bh_outpatient", "subtype": "Intensive Outpatient Services; Outpatient Services", "covered_by_ch124": false, "address": "1930 Market Street", "district": "8", "neighborhood": "Hayes Valley", "beds_or_units": null, "unit_kind": "sites", "status": "open", "confidence": "verified", "as_of": "2025-10-30"}}, {"type": "Feature", "geometry": {"type": "Point", "coordinates": [-122.393630383457, 37.72505442603]}, "properties": {"id": "bayview-hunter-s-point-foundation---op-10013", "name": "Bayview Hunter's Point Foundation - OP", "type": "bh_outpatient", "subtype": "Intensive Outpatient Services; Outpatient Services", "covered_by_ch124": false, "address": "1625 Carroll Street", "district": "10", "neighborhood": "Bayview Hunters Point", "beds_or_units": null, "unit_kind": "sites", "status": "open", "confidence": "verified", "as_of": "2025-10-30"}}, {"type": "Feature", "geometry": {"type": "Point", "coordinates": [-122.414816195229, 37.782637802129]}, "properties": {"id": "curry-senior-center-10014", "name": "Curry Senior Center", "type": "bh_outpatient", "subtype": "Intensive Outpatient Services; Outpatient Services", "covered_by_ch124": false, "address": "333 Turk Street", "district": "5", "neighborhood": "Tenderloin", "beds_or_units": null, "unit_kind": "sites", "status": "open", "confidence": "verified", "as_of": "2025-10-30"}}, {"type": "Feature", "geometry": {"type": "Point", "coordinates": [-122.414816195229, 37.782637802129]}, "properties": {"id": "curry-senior-center-10014", "name": "Curry Senior Center", "type": "bh_outpatient", "subtype": "Intensive Outpatient Services; Outpatient Services", "covered_by_ch124": false, "address": "333 Turk Street", "district": "5", "neighborhood": "Tenderloin", "beds_or_units": null, "unit_kind": "sites", "status": "open", "confidence": "verified", "as_of": "2025-10-30"}}, {"type": "Feature", "geometry": {"type": "Point", "coordinates": [-122.419019878263, 37.781931196397]}, "properties": {"id": "drug-court-treatment-program-10015", "name": "Drug Court Treatment Program", "type": "bh_outpatient", "subtype": "Intensive Outpatient Services; Outpatient Services", "covered_by_ch124": false, "address": "555 Polk Street", "district": "5", "neighborhood": "Tenderloin", "beds_or_units": null, "unit_kind": "sites", "status": "open", "confidence": "verified", "as_of": "2025-10-30"}}, {"type": "Feature", "geometry": {"type": "Point", "coordinates": [-122.418133747532, 37.773294461996]}, "properties": {"id": "healthright-360---lee-woodward-counseling-center-for-women--former-aars-program--10016", "name": "HealthRIGHT 360 - Lee Woodward Counseling Center for Women (former AARS Program)", "type": "bh_outpatient", "subtype": "Intensive Outpatient Services; Outpatient Services", "covered_by_ch124": false, "address": "1563 Mission Street", "district": "6", "neighborhood": "Mission", "beds_or_units": null, "unit_kind": "sites", "status": "open", "confidence": "verified", "as_of": "2025-10-30"}}, {"type": "Feature", "geometry": {"type": "Point", "coordinates": [-122.449714653055, 37.773535073124]}, "properties": {"id": "healthright-360---project-adapt--former-aars-program--10017", "name": "HealthRIGHT 360 - Project ADAPT (former AARS Program)", "type": "bh_outpatient", "subtype": "Intensive Outpatient Services; Outpatient Services", "covered_by_ch124": false, "address": "2020 Hayes Street", "district": "5", "neighborhood": "Lone Mountain/USF", "beds_or_units": null, "unit_kind": "sites", "status": "open", "confidence": "verified", "as_of": "2025-10-30"}}, {"type": "Feature", "geometry": {"type": "Point", "coordinates": [-122.449714653055, 37.773535073124]}, "properties": {"id": "healthright-360---project-adapt--former-aars-program--10017", "name": "HealthRIGHT 360 - Project ADAPT (former AARS Program)", "type": "bh_outpatient", "subtype": "Intensive Outpatient Services; Outpatient Services", "covered_by_ch124": false, "address": "2020 Hayes Street", "district": "5", "neighborhood": "Lone Mountain/USF", "beds_or_units": null, "unit_kind": "sites", "status": "open", "confidence": "verified", "as_of": "2025-10-30"}}, {"type": "Feature", "geometry": {"type": "Point", "coordinates": [-122.394111898963, 37.724382003661]}, "properties": {"id": "healthright-360---african-american-healing-center--aahc--10018", "name": "HealthRIGHT 360 - African American Healing Center (AAHC)", "type": "bh_outpatient", "subtype": "Intensive Outpatient Services; Outpatient Services", "covered_by_ch124": false, "address": "1601 Donner Avenue", "district": "10", "neighborhood": "Bayview Hunters Point", "beds_or_units": null, "unit_kind": "sites", "status": "open", "confidence": "verified", "as_of": "2025-10-30"}}, {"type": "Feature", "geometry": {"type": "Point", "coordinates": [-122.394111898963, 37.724382003661]}, "properties": {"id": "healthright-360---african-american-healing-center--aahc--10018", "name": "HealthRIGHT 360 - African American Healing Center (AAHC)", "type": "bh_outpatient", "subtype": "Intensive Outpatient Services; Outpatient Services", "covered_by_ch124": false, "address": "1601 Donner Avenue", "district": "10", "neighborhood": "Bayview Hunters Point", "beds_or_units": null, "unit_kind": "sites", "status": "open", "confidence": "verified", "as_of": "2025-10-30"}}, {"type": "Feature", "geometry": {"type": "Point", "coordinates": [-122.418133747532, 37.773294461996]}, "properties": {"id": "healthright-360---outpatient-10019", "name": "HealthRIGHT 360 - Outpatient", "type": "bh_outpatient", "subtype": "Intensive Outpatient Services; Outpatient Services", "covered_by_ch124": false, "address": "1563 Mission Street", "district": "6", "neighborhood": "Mission", "beds_or_units": null, "unit_kind": "sites", "status": "open", "confidence": "verified", "as_of": "2025-10-30"}}, {"type": "Feature", "geometry": {"type": "Point", "coordinates": [-122.418133747532, 37.773294461996]}, "properties": {"id": "healthright-360---outpatient-10019", "name": "HealthRIGHT 360 - Outpatient", "type": "bh_outpatient", "subtype": "Intensive Outpatient Services; Outpatient Services", "covered_by_ch124": false, "address": "1563 Mission Street", "district": "6", "neighborhood": "Mission", "beds_or_units": null, "unit_kind": "sites", "status": "open", "confidence": "verified", "as_of": "2025-10-30"}}, {"type": "Feature", "geometry": {"type": "Point", "coordinates": [-122.418686145919, 37.764215174494]}, "properties": {"id": "mission-council---outpatient-10021", "name": "Mission Council - Outpatient", "type": "bh_outpatient", "subtype": "Outpatient Services", "covered_by_ch124": false, "address": "154-A Capp Street", "district": "9", "neighborhood": "Mission", "beds_or_units": null, "unit_kind": "sites", "status": "open", "confidence": "verified", "as_of": "2025-10-30"}}, {"type": "Feature", "geometry": {"type": "Point", "coordinates": [-122.414244080242, 37.774221841427]}, "properties": {"id": "dsaam---outpatient-buprenorphine-induction-clinic--obic--10022", "name": "DSAAM - Outpatient Buprenorphine Induction Clinic (OBIC)", "type": "bh_outpatient", "subtype": "Intensive Outpatient Services; Outpatient Services", "covered_by_ch124": false, "address": "1380 Howard Street", "district": "6", "neighborhood": "South of Market", "beds_or_units": null, "unit_kind": "sites", "status": "open", "confidence": "verified", "as_of": "2025-10-30"}}, {"type": "Feature", "geometry": {"type": "Point", "coordinates": [-122.406051626247, 37.780696858281]}, "properties": {"id": "stonewall-project-10023", "name": "Stonewall Project", "type": "bh_outpatient", "subtype": "Intensive Outpatient Services; Outpatient Services", "covered_by_ch124": false, "address": "940 Howard Street", "district": "6", "neighborhood": "South of Market", "beds_or_units": null, "unit_kind": "sites", "status": "open", "confidence": "verified", "as_of": "2025-10-29"}}, {"type": "Feature", "geometry": {"type": "Point", "coordinates": [-122.406051626247, 37.780696858281]}, "properties": {"id": "stonewall-project-10023", "name": "Stonewall Project", "type": "bh_outpatient", "subtype": "Intensive Outpatient Services; Outpatient Services", "covered_by_ch124": false, "address": "940 Howard Street", "district": "6", "neighborhood": "South of Market", "beds_or_units": null, "unit_kind": "sites", "status": "open", "confidence": "verified", "as_of": "2025-10-29"}}, {"type": "Feature", "geometry": {"type": "Point", "coordinates": [-122.414232875503, 37.776532042331]}, "properties": {"id": "citywide-stop-10024", "name": "Citywide STOP", "type": "bh_outpatient", "subtype": "Intensive Outpatient Services; Outpatient Services", "covered_by_ch124": false, "address": "1263 Mission Street", "district": "6", "neighborhood": "South of Market", "beds_or_units": null, "unit_kind": "sites", "status": "open", "confidence": "verified", "as_of": "2025-10-30"}}, {"type": "Feature", "geometry": {"type": "Point", "coordinates": [-122.414232875503, 37.776532042331]}, "properties": {"id": "citywide-stop-10024", "name": "Citywide STOP", "type": "bh_outpatient", "subtype": "Intensive Outpatient Services; Outpatient Services", "covered_by_ch124": false, "address": "1263 Mission Street", "district": "6", "neighborhood": "South of Market", "beds_or_units": null, "unit_kind": "sites", "status": "open", "confidence": "verified", "as_of": "2025-10-30"}}, {"type": "Feature", "geometry": {"type": "Point", "coordinates": [-122.421195680082, 37.767299759831]}, "properties": {"id": "friendship-house-10026", "name": "Friendship House", "type": "bh_residential", "subtype": "Residential Treatment  Services", "covered_by_ch124": false, "address": "56 Julian Avenue", "district": "9", "neighborhood": "Mission", "beds_or_units": null, "unit_kind": "sites", "status": "open", "confidence": "verified", "as_of": "2025-10-30"}}, {"type": "Feature", "geometry": {"type": "Point", "coordinates": [-122.443150410141, 37.769118457764]}, "properties": {"id": "healthright-360---dual-recovery-program--residential-treatment--10027", "name": "HealthRIGHT 360 - Dual Recovery Program (Residential Treatment)", "type": "bh_residential", "subtype": "Residential Treatment  Services", "covered_by_ch124": false, "address": "815 Buena Vista Avenue West", "district": "8", "neighborhood": "Haight Ashbury", "beds_or_units": null, "unit_kind": "sites", "status": "open", "confidence": "verified", "as_of": "2025-10-30"}}, {"type": "Feature", "geometry": {"type": "Point", "coordinates": [-122.431016363779, 37.77591205934]}, "properties": {"id": "healthright-360---residential--890-hayes--10028", "name": "HealthRIGHT 360 - Residential (890 Hayes)", "type": "bh_residential", "subtype": "Residential Treatment  Services", "covered_by_ch124": false, "address": "890 Hayes Street", "district": "5", "neighborhood": "Hayes Valley", "beds_or_units": null, "unit_kind": "sites", "status": "open", "confidence": "verified", "as_of": "2025-10-30"}}, {"type": "Feature", "geometry": {"type": "Point", "coordinates": [-122.409556936069, 37.758236716796]}, "properties": {"id": "healthright-360---women-s-hope-residential-10029", "name": "HealthRIGHT 360 - Women\u2019s Hope Residential", "type": "bh_residential", "subtype": "Residential Treatment  Services", "covered_by_ch124": false, "address": "2261 Bryant Street", "district": "9", "neighborhood": "Mission", "beds_or_units": null, "unit_kind": "sites", "status": "open", "confidence": "verified", "as_of": "2025-10-30"}}, {"type": "Feature", "geometry": {"type": "Point", "coordinates": [-122.410525079109, 37.765255280985]}, "properties": {"id": "latino-commission---casa-aviva-10030", "name": "Latino Commission - Casa Aviva", "type": "bh_residential", "subtype": "Residential Treatment  Services", "covered_by_ch124": false, "address": "1724 Bryant Street", "district": "9", "neighborhood": "Mission", "beds_or_units": null, "unit_kind": "sites", "status": "open", "confidence": "verified", "as_of": "2025-10-30"}}, {"type": "Feature", "geometry": {"type": "Point", "coordinates": [-122.447392697543, 37.781020042001]}, "properties": {"id": "mount-saint-joseph---epiphany-center-10032", "name": "Mount Saint Joseph - Epiphany Center", "type": "bh_residential", "subtype": "Residential Treatment  Services", "covered_by_ch124": false, "address": "100 Masonic Avenue", "district": "2", "neighborhood": "Lone Mountain/USF", "beds_or_units": null, "unit_kind": "sites", "status": "open", "confidence": "verified", "as_of": "2025-10-30"}}, {"type": "Feature", "geometry": {"type": "Point", "coordinates": [-122.443150410141, 37.769118457764]}, "properties": {"id": "healthright-360---dual-recovery-program--withdrawal-management--10033", "name": "HealthRIGHT 360 - Dual Recovery Program (Withdrawal Management)", "type": "bh_residential", "subtype": "Withdrawal Management  Services", "covered_by_ch124": false, "address": "815 Buena Vista Avenue West", "district": "8", "neighborhood": "Haight Ashbury", "beds_or_units": null, "unit_kind": "sites", "status": "open", "confidence": "verified", "as_of": "2025-10-30"}}, {"type": "Feature", "geometry": {"type": "Point", "coordinates": [-122.441642092169, 37.785200774876]}, "properties": {"id": "mount-saint-joseph---broderick-house-10034", "name": "Mount Saint Joseph - Broderick House", "type": "bh_residential", "subtype": "Residential Step-Down", "covered_by_ch124": false, "address": "1615 Broderick Street", "district": "2", "neighborhood": "Pacific Heights", "beds_or_units": null, "unit_kind": "sites", "status": "open", "confidence": "verified", "as_of": "2025-10-30"}}, {"type": "Feature", "geometry": {"type": "Point", "coordinates": [-122.441642092169, 37.785200774876]}, "properties": {"id": "mount-saint-joseph---broderick-house-10034", "name": "Mount Saint Joseph - Broderick House", "type": "bh_residential", "subtype": "Residential Step-Down", "covered_by_ch124": false, "address": "1615 Broderick Street", "district": "2", "neighborhood": "Pacific Heights", "beds_or_units": null, "unit_kind": "sites", "status": "open", "confidence": "verified", "as_of": "2025-10-30"}}, {"type": "Feature", "geometry": {"type": "Point", "coordinates": [-122.427097580396, 37.772592638482]}, "properties": {"id": "healthright-360---residential-stepdown--haight--10035", "name": "HealthRIGHT 360 - Residential Stepdown (Haight)", "type": "bh_residential", "subtype": "Residential Step-Down", "covered_by_ch124": false, "address": "214 Haight Street", "district": "5", "neighborhood": "Hayes Valley", "beds_or_units": null, "unit_kind": "sites", "status": "open", "confidence": "verified", "as_of": "2025-10-30"}}, {"type": "Feature", "geometry": {"type": "Point", "coordinates": [-122.427097580396, 37.772592638482]}, "properties": {"id": "healthright-360---residential-stepdown--haight--10035", "name": "HealthRIGHT 360 - Residential Stepdown (Haight)", "type": "bh_residential", "subtype": "Residential Step-Down", "covered_by_ch124": false, "address": "214 Haight Street", "district": "5", "neighborhood": "Hayes Valley", "beds_or_units": null, "unit_kind": "sites", "status": "open", "confidence": "verified", "as_of": "2025-10-30"}}, {"type": "Feature", "geometry": {"type": "Point", "coordinates": [-122.449776033732, 37.773527358617]}, "properties": {"id": "healthright-360---residential-stepdown--2024-hayes--10036", "name": "HealthRIGHT 360 - Residential Stepdown (2024 Hayes)", "type": "bh_residential", "subtype": "Residential Step-Down", "covered_by_ch124": false, "address": "2024 Hayes Street", "district": "5", "neighborhood": "Lone Mountain/USF", "beds_or_units": null, "unit_kind": "sites", "status": "open", "confidence": "verified", "as_of": "2025-10-30"}}, {"type": "Feature", "geometry": {"type": "Point", "coordinates": [-122.37457088188, 37.831162306528]}, "properties": {"id": "healthright-360---residential-stepdown--northpoint--10037", "name": "HealthRIGHT 360 - Residential Stepdown (Northpoint)", "type": "bh_residential", "subtype": "Residential Step-Down", "covered_by_ch124": false, "address": "1225 Northpoint Drive", "district": "6", "neighborhood": "Treasure Island", "beds_or_units": null, "unit_kind": "sites", "status": "open", "confidence": "verified", "as_of": "2025-10-30"}}, {"type": "Feature", "geometry": {"type": "Point", "coordinates": [-122.37428849484, 37.824018564746]}, "properties": {"id": "healthright-360---residential-stepdown--chinook--10038", "name": "HealthRIGHT 360 - Residential Stepdown (Chinook)", "type": "bh_residential", "subtype": "Residential Step-Down", "covered_by_ch124": false, "address": "1447 Chinook Court", "district": "6", "neighborhood": "Treasure Island", "beds_or_units": null, "unit_kind": "sites", "status": "open", "confidence": "verified", "as_of": "2025-10-30"}}, {"type": "Feature", "geometry": {"type": "Point", "coordinates": [-122.375565611003, 37.829575049497]}, "properties": {"id": "healthright-360---residential-stepdown--mariner--10039", "name": "HealthRIGHT 360 - Residential Stepdown (Mariner)", "type": "bh_residential", "subtype": "Residential Step-Down", "covered_by_ch124": false, "address": "1202 Mariner Drive", "district": "6", "neighborhood": "Treasure Island", "beds_or_units": null, "unit_kind": "sites", "status": "open", "confidence": "verified", "as_of": "2025-10-30"}}, {"type": "Feature", "geometry": {"type": "Point", "coordinates": [-122.376967582095, 37.825226621694]}, "properties": {"id": "healthright-360---residential-stepdown--gateview--10040", "name": "HealthRIGHT 360 - Residential Stepdown (Gateview)", "type": "bh_residential", "subtype": "Residential Step-Down", "covered_by_ch124": false, "address": "1318 Gateview Avenue", "district": "6", "neighborhood": "Treasure Island", "beds_or_units": null, "unit_kind": "sites", "status": "open", "confidence": "verified", "as_of": "2025-10-30"}}, {"type": "Feature", "geometry": {"type": "Point", "coordinates": [-122.390314107923, 37.738436008831]}, "properties": {"id": "bayview-hunter-s-point-foundation---jelani-family-residential-step-down-10041", "name": "Bayview Hunter\u2019s Point Foundation - Jelani Family Residential Step-down", "type": "bh_residential", "subtype": "Residential Step-Down", "covered_by_ch124": false, "address": "1638-40 Kirkwood Avenue", "district": "10", "neighborhood": "Bayview Hunters Point", "beds_or_units": null, "unit_kind": "sites", "status": "open", "confidence": "verified", "as_of": "2025-10-30"}}, {"type": "Feature", "geometry": {"type": "Point", "coordinates": [-122.453219312634, 37.716577329127]}, "properties": {"id": "latino-commission---casa-ollin-10042", "name": "Latino Commission - Casa Ollin", "type": "bh_residential", "subtype": "Residential Step-Down", "covered_by_ch124": false, "address": "161 Margaret Avenue", "district": "11", "neighborhood": "Oceanview/Merced/Ingleside", "beds_or_units": null, "unit_kind": "sites", "status": "open", "confidence": "verified", "as_of": "2025-10-30"}}, {"type": "Feature", "geometry": {"type": "Point", "coordinates": [-122.453219312634, 37.716577329127]}, "properties": {"id": "latino-commission---casa-ollin-10042", "name": "Latino Commission - Casa Ollin", "type": "bh_residential", "subtype": "Residential Step-Down", "covered_by_ch124": false, "address": "161 Margaret Avenue", "district": "11", "neighborhood": "Oceanview/Merced/Ingleside", "beds_or_units": null, "unit_kind": "sites", "status": "open", "confidence": "verified", "as_of": "2025-10-30"}}, {"type": "Feature", "geometry": {"type": "Point", "coordinates": [-122.40827066598, 37.778782027915]}, "properties": {"id": "a-women-s-place-10043", "name": "A Women's Place", "type": "bh_outpatient", "subtype": "Other Substance Use Services", "covered_by_ch124": false, "address": "1049 Howard Street", "district": "6", "neighborhood": "South of Market", "beds_or_units": null, "unit_kind": "sites", "status": "open", "confidence": "verified", "as_of": "2025-10-30"}}, {"type": "Feature", "geometry": {"type": "Point", "coordinates": [-122.419710227398, 37.76985624434]}, "properties": {"id": "a-woman-s-place--drop-in-center--10044", "name": "A Woman's Place (Drop-In Center)", "type": "bh_outpatient", "subtype": "Other Substance Use Services", "covered_by_ch124": false, "address": "211 13th Street", "district": "9", "neighborhood": "Mission", "beds_or_units": null, "unit_kind": "sites", "status": "open", "confidence": "verified", "as_of": "2025-10-30"}}, {"type": "Feature", "geometry": {"type": "Point", "coordinates": [-122.40655992179, 37.756112373214]}, "properties": {"id": "team-lily-10045", "name": "Team Lily", "type": "bh_outpatient", "subtype": "Other Substance Use Services", "covered_by_ch124": false, "address": "1001 Potrero Avenue", "district": "10", "neighborhood": "Mission", "beds_or_units": null, "unit_kind": "sites", "status": "open", "confidence": "verified", "as_of": "2025-10-30"}}, {"type": "Feature", "geometry": {"type": "Point", "coordinates": [-122.418686145919, 37.764215174494]}, "properties": {"id": "mission-council---intensive-outpatient-10046", "name": "Mission Council - Intensive Outpatient", "type": "bh_outpatient", "subtype": "Intensive Outpatient Services", "covered_by_ch124": false, "address": "154-A Capp Street", "district": "9", "neighborhood": "Mission", "beds_or_units": null, "unit_kind": "sites", "status": "open", "confidence": "verified", "as_of": "2025-10-30"}}, {"type": "Feature", "geometry": {"type": "Point", "coordinates": [-122.431016363779, 37.77591205934]}, "properties": {"id": "healthright-360---acceptance-place-10047", "name": "HealthRIGHT 360 - Acceptance Place", "type": "bh_residential", "subtype": "Residential Treatment  Services", "covered_by_ch124": false, "address": "890 Hayes Street", "district": "5", "neighborhood": "Hayes Valley", "beds_or_units": null, "unit_kind": "sites", "status": "open", "confidence": "verified", "as_of": "2025-10-30"}}, {"type": "Feature", "geometry": {"type": "Point", "coordinates": [-122.432492179137, 37.782602173393]}, "properties": {"id": "kupona-early-intervention-0-5-10048", "name": "Kupona Early Intervention 0.5", "type": "bh_outpatient", "subtype": "SUD", "covered_by_ch124": false, "address": "1426 Fillmore Street", "district": "5", "neighborhood": "Western Addition", "beds_or_units": null, "unit_kind": "sites", "status": "open", "confidence": "verified", "as_of": "2025-11-19"}}, {"type": "Feature", "geometry": {"type": "Point", "coordinates": [-122.432492179137, 37.782602173393]}, "properties": {"id": "kupona-outpatient-1-0-10049", "name": "Kupona Outpatient 1.0", "type": "bh_outpatient", "subtype": "Outpatient Services", "covered_by_ch124": false, "address": "1426 Fillmore Street", "district": "5", "neighborhood": "Western Addition", "beds_or_units": null, "unit_kind": "sites", "status": "open", "confidence": "verified", "as_of": "2025-11-20"}}, {"type": "Feature", "geometry": {"type": "Point", "coordinates": [-122.432492179137, 37.782602173393]}, "properties": {"id": "kupona-intensive-outpatient---2-1-10050", "name": "Kupona Intensive Outpatient - 2.1", "type": "bh_outpatient", "subtype": "Intensive Outpatient Services", "covered_by_ch124": false, "address": "1426 Fillmore Street", "district": "5", "neighborhood": "Western Addition", "beds_or_units": null, "unit_kind": "sites", "status": "open", "confidence": "verified", "as_of": "2025-11-20"}}, {"type": "Feature", "geometry": {"type": "Point", "coordinates": [-122.40655992179, 37.756112373214]}, "properties": {"id": "zuckerberg-san-francisco-general-hospital-and-trauma-center-10051", "name": "Zuckerberg San Francisco General Hospital and Trauma Center", "type": "bh_outpatient", "subtype": "SUD", "covered_by_ch124": false, "address": "1001 Potrero Avenue", "district": "10", "neighborhood": "Mission", "beds_or_units": null, "unit_kind": "sites", "status": "open", "confidence": "verified", "as_of": "2025-11-20"}}, {"type": "Feature", "geometry": {"type": "Point", "coordinates": [-122.414244080242, 37.774221841427]}, "properties": {"id": "behavioral-health-services-pharmacy-10052", "name": "Behavioral Health Services Pharmacy", "type": "bh_outpatient", "subtype": "SUD", "covered_by_ch124": false, "address": "1380 Howard Street", "district": "6", "neighborhood": "South of Market", "beds_or_units": null, "unit_kind": "sites", "status": "open", "confidence": "verified", "as_of": "2025-11-20"}}]}